employee_id,name,email,job_title,department,age,salary,city
1,Dustin Hughes,glenn56@ford-sanchez.com,Product Manager,Product,33,44384,Johnside
2,Beth Torres,austinflores@harmon.biz,Sales Executive,Product,35,76002,Davidborough
3,Kari Herrera,janet13@cook.com,Software Engineer,Analytics,56,88439,South Coreymouth
4,Brandon Schwartz,bethanywebb@ellis.info,Product Manager,Product,26,43062,Johnchester
5,Joshua Deleon,susan10@lopez-camacho.net,Software Engineer,Sales,58,61890,East Bruceburgh
6,Margaret Glenn,william77@taylor-baker.info,Software Engineer,Sales,22,45999,North Mark
7,Elizabeth Maxwell,boylecameron@garcia.com,Software Engineer,Product,57,55997,East Christopher
8,Thomas Young,tom72@washington.info,Software Engineer,Analytics,38,146060,Veronicaberg
9,Aaron Kramer,vprince@hopkins.biz,Software Engineer,Product,35,96512,West Jose
10,Erik Oconnor Jr.,tracywolfe@martin.net,HR Manager,Sales,55,131734,Hansonburgh
11,Tina Ortiz,taylormatthew@dickerson.com,Sales Executive,IT,29,114189,South Elizabethmouth
12,Alicia Kennedy,icruz@frederick.org,HR Manager,HR,49,95911,New Williamfort
13,Matthew Clarke,wagnerashley@walker.net,Sales Executive,Product,59,69665,South Susan
14,Barbara Banks,elizabethjones@taylor.com,Sales Executive,Product,53,51014,Lake Connorstad
15,Ernest Moran,melvinturner@hunter-ellis.info,Software Engineer,Product,42,103730,Lisahaven
16,Crystal Wagner,ksmith@perez.net,Sales Executive,HR,40,96962,Nealmouth
17,Pamela Jones,travis91@shaw.com,Software Engineer,HR,59,32031,Lake Justinbury
18,Kim Padilla,johnnymitchell@brown-mullins.com,Sales Executive,Analytics,58,113973,Lewisview
19,Stephen Haynes,jeremymorris@silva-webb.biz,HR Manager,Analytics,57,113354,Graymouth
20,Kathleen Acosta,janeking@kennedy-delgado.com,Data Scientist,HR,23,66356,Sarahchester
21,Paige Cummings MD,cclark@morris.com,Data Scientist,Sales,57,32458,West Laurenton
22,Matthew Wagner,csmith@kirk.com,Software Engineer,Analytics,59,101822,East Stevenbury
23,Sarah Williams,lperez@ford.com,Software Engineer,HR,48,36339,North Alicia
24,Sarah Garcia,padillajessica@jones.org,Data Scientist,HR,39,144893,Davisville
25,Victoria Lopez,luke64@ramirez.com,Product Manager,HR,32,82429,Jessicaville
26,Cindy Clay,catherine39@colon.com,Data Scientist,Analytics,56,45950,Knightview
27,Mary Bryant,jasonsnyder@cox.com,Data Scientist,HR,51,100602,Johnsonport
28,Doris Nichols,haroldmyers@frost.com,HR Manager,Product,60,75925,Danielmouth
29,Mr. Jacob Hensley,brianna84@camacho-white.net,Software Engineer,IT,38,51466,Schwartzbury
30,Amy Harris,wardjasmine@cook-tucker.com,HR Manager,HR,50,55976,Taylorburgh
31,Norma Alvarado,martincory@martin-wilkerson.com,HR Manager,HR,54,30384,Johnsonshire
32,Nathan Case,jessicachambers@nguyen.biz,Product Manager,HR,53,85054,Wellsfort
33,Emily Wilson,scott28@gray-lester.info,HR Manager,Analytics,24,50078,East Brianna
34,Holly Foster,alyssawillis@adams-armstrong.com,Product Manager,HR,51,40365,Matthewview
35,Yvonne Mann,cvalencia@cole.com,Data Scientist,Sales,24,104122,Hudsonfort
36,Chris Banks MD,michael05@nixon.com,HR Manager,Analytics,30,56825,Charlestown
37,Glenn Bullock,zhoward@dixon.info,HR Manager,Sales,47,35127,Reginaside
38,Monica Griffin,michael54@rivas.biz,Sales Executive,Product,54,46763,Lake Kyle
39,James Miller,fmarsh@gilmore.com,HR Manager,Analytics,54,131381,West Elizabeth
40,Angela Gonzalez,brandon70@kline.com,Product Manager,HR,60,48097,Bethfort
41,Jacob Oconnor,mwalton@miller.com,Sales Executive,Product,47,139738,Colliermouth
42,Virginia Alvarado,wileymelissa@trevino.com,HR Manager,Product,52,117199,East Vincentville
43,Karen Jones,paul95@dean.com,HR Manager,Sales,43,56929,West Robertborough
44,Alicia Smith,jeangonzalez@lee.biz,Sales Executive,Product,55,89712,Jacobsburgh
45,Sandra Lopez,amandamoon@escobar.com,Product Manager,IT,25,107873,Morrishaven
46,Dylan Phillips,martin76@ryan.com,Data Scientist,Sales,54,89717,Rachelfurt
47,Tina Miller,johnbonilla@collins.com,HR Manager,HR,31,59717,New Larry
48,Justin Hammond,oking@lopez.com,Sales Executive,HR,38,54380,New Marissaland
49,Kimberly Moore,scottdonna@young.com,Software Engineer,Sales,31,65063,Raymondmouth
50,Renee Walker,johnmiller@johnson.com,Software Engineer,IT,31,114640,Lake Mathewport
51,Austin Holmes,leonkaitlyn@roy.com,Sales Executive,Sales,49,120668,New Justinburgh
52,Holly Foster,toni73@weaver.net,Software Engineer,IT,39,132612,Jasonhaven
53,Virginia Benjamin,jeffhill@robinson.com,Software Engineer,IT,56,149591,Youngview
54,Darius Rodriguez,cmiller@white.net,Data Scientist,Sales,44,99454,North Chloe
55,Timothy Juarez,josejohnson@petty-zamora.org,Product Manager,Product,32,49226,Emilyland
56,Joseph Smith,froberts@blair.com,Product Manager,Analytics,56,129756,South Danielville
57,Mr. Ernest Coleman,joshua61@sanchez.info,Product Manager,Product,43,106067,Knoxstad
58,Brandon Wilson,gerald78@park-mcdowell.info,Product Manager,HR,46,83633,Hallland
59,Kevin Evans,johncunningham@taylor.com,Product Manager,Sales,58,141861,Susanmouth
60,Michelle Smith,gina63@bishop.net,Product Manager,IT,24,84773,Jonesmouth
61,Nathan Adams,epeterson@price.com,HR Manager,IT,48,65511,Dawnfurt
62,Heidi Guzman,edavis@guzman-lozano.com,Software Engineer,HR,59,62426,Trevinoville
63,Sergio Cummings,rachel25@frazier-patrick.biz,Sales Executive,IT,35,143840,Cruzland
64,Jennifer Parker,scastillo@fisher.info,Software Engineer,IT,52,32323,North Julieberg
65,Ashley Wilson,camposadrian@king.org,Data Scientist,Sales,48,83478,Olsonbury
66,Cynthia Mendez,briana66@silva.com,Data Scientist,IT,35,52057,South Kimberlyside
67,Brian Ford,elizabeth90@bartlett.com,Software Engineer,Analytics,53,72171,Lake Gerald
68,Kimberly Le,william22@walsh-jackson.com,Product Manager,Sales,41,34125,Wintersville
69,William Stanton,hwoods@reid-martin.com,Sales Executive,IT,59,90533,South Ericport
70,Julie Christian,ibarnes@foster.com,Data Scientist,HR,22,118078,South Shelly
71,Priscilla Estrada,xlee@johnson.com,Product Manager,Sales,58,139202,Suzannefurt
72,Peter Randall DDS,ygomez@frye.net,Sales Executive,IT,37,71551,North Lesliestad
73,Scott Skinner,seth91@collins-farmer.com,Data Scientist,Analytics,43,54568,West Megan
74,Donna Randall,guerrerokaitlyn@ellis.info,HR Manager,Sales,58,65206,North Tonyaview
75,Kevin Jenkins,bushmaria@hebert.org,Sales Executive,Analytics,53,144713,Thompsonmouth
76,Phillip Lewis,gregorydavis@yates-jones.com,Sales Executive,IT,28,89926,Acostafort
77,Ann Sanchez,mryan@ferguson.net,Sales Executive,Product,34,137834,West Robert
78,Jessica Rogers,johnbrady@adams.com,HR Manager,Product,52,68334,Reyesport
79,Dustin Hartman,vickie20@knight.net,Software Engineer,Sales,34,38035,Brendaside
80,Richard Bates,jeremyfoster@dixon-owens.com,HR Manager,Product,59,34461,North Erikaville
81,Jasmine Miranda,malloryjones@davis.biz,Product Manager,Sales,25,140721,New Kevinberg
82,Jeffrey Shepherd,zlee@nelson.com,Software Engineer,Analytics,32,34350,Dustinburgh
83,Charles Phillips,ramosscott@peters.com,Sales Executive,HR,45,146519,Lake Tylerfurt
84,Kristine Hernandez,wraymond@campbell-tate.biz,Sales Executive,Product,46,139880,West Daniel
85,Katie Rosario,averyjoshua@jordan.com,Data Scientist,Product,60,56422,Port Mark
86,Pamela Ellis,jonathan70@haas.com,Software Engineer,IT,49,107448,New Brittany
87,Tracy Shaffer,rachel91@kelly.net,Data Scientist,HR,58,93147,Tonyabury
88,Luke Price,amanda60@wells.biz,Software Engineer,Product,60,53916,Richardport
89,Timothy Hernandez,lhall@johnston.org,Software Engineer,IT,56,122220,Lake Jamesburgh
90,Trevor Davis,pcox@torres.com,Data Scientist,IT,35,44866,Barkerbury
91,Spencer Mclean,wallaceapril@chandler.info,Data Scientist,Product,51,82620,East Robert
92,Juan Booth,grossbrittney@watts.biz,Data Scientist,Sales,55,33978,North Chase
93,Amanda Fernandez,rodriguezmatthew@williams.biz,Software Engineer,Analytics,60,75554,Zacharymouth
94,Kendra Peterson,roblescrystal@rodriguez-jones.org,HR Manager,Sales,44,130658,North Carmenbury
95,Lauren Cobb,bjordan@lewis-peterson.net,Data Scientist,Analytics,24,59972,Port Jonathan
96,Rachel Holmes,mckenziealexandra@matthews.info,Data Scientist,Analytics,55,126367,New Gracemouth
97,Laura Mann,monicahayes@mcdowell.com,Software Engineer,Analytics,41,53291,North Glenn
98,Jose Reynolds,andrew01@hinton.com,Product Manager,Analytics,44,60135,New Justin
99,Michael Scott,bcampbell@mccarthy-preston.biz,Data Scientist,IT,37,90740,Gomezland
100,Jennifer Green,xfranklin@mclean-gomez.org,Software Engineer,Sales,26,72069,East Melissa
101,Amber Walker,adamcastillo@jones.com,Product Manager,Product,36,95094,South Allisonmouth
102,Sara Jones,camerontamara@williams-bean.org,Data Scientist,IT,23,142821,Maryshire
103,James Meyer,smithkristen@graham-wright.com,Data Scientist,HR,23,106602,West Christopher
104,Tamara Park,melissaking@carter.org,Data Scientist,Sales,60,62260,Dianatown
105,Brendan Lee,boonechristopher@griffin.com,Product Manager,IT,56,106052,Danieltown
106,Lori Diaz,lamberttony@byrd-schmidt.com,Data Scientist,IT,43,37828,New Brandon
107,Theodore White,josephlyons@hall-scott.net,Data Scientist,HR,51,98308,Phamville
108,Michelle Lucas,kristaford@williams.com,Software Engineer,HR,30,61323,Port Kimberly
109,Meagan Thompson,ricekrystal@carter.com,Software Engineer,IT,35,87966,Port Karen
110,Michelle Fox,christytran@martin.info,Product Manager,Sales,40,139320,Jonesborough
111,Ryan Mack,derek87@roberts-herrera.com,HR Manager,HR,24,90948,Russellfort
112,Stephanie Lopez,james60@davis.com,Data Scientist,IT,28,114917,Mariahshire
113,David Crawford,martinmakayla@byrd.info,Sales Executive,Sales,40,63051,West Brookechester
114,Kenneth Barrett,brewersherry@salas.com,Product Manager,Product,32,139348,New Joseph
115,Deborah Fox,qjacobs@hernandez-swanson.com,Data Scientist,Sales,36,68431,Thomasport
116,Karen Jones,charleneduran@gonzales-sullivan.org,Product Manager,Product,22,137309,Florestown
117,Sarah Shepard,williamsjoseph@newman.biz,HR Manager,Sales,52,97219,Port Tyler
118,Mrs. Heather Walters PhD,tarawilliams@ingram-anderson.com,Software Engineer,Analytics,59,46179,Davisshire
119,Paul Pennington,qbright@waller.info,Sales Executive,Analytics,58,31234,Derrickbury
120,John Johnson,baileyjulie@decker.com,Sales Executive,HR,33,57148,New Jesus
121,Carl Armstrong,jeremynewman@turner.org,HR Manager,Analytics,28,53799,Alexanderville
122,Micheal Hicks,abell@harrison.com,Data Scientist,HR,36,105105,Port Danielle
123,Jonathan Patrick,todd16@pacheco.com,Software Engineer,Sales,24,142562,Phillipsside
124,Jane Lawrence,nathanmartin@hernandez.com,HR Manager,HR,60,81125,Lake Shane
125,Tara Miles,edwardtran@davis-nunez.biz,Data Scientist,HR,25,68826,Rayburgh
126,Carlos Goodwin,allisondavis@tran-palmer.com,Product Manager,Sales,57,46175,New Daniel
127,Kristina Hoover,markcole@brock.org,Software Engineer,Sales,22,117947,Riceton
128,James Perkins,phamgary@wright.com,Software Engineer,Product,28,58620,Andreaton
129,Nicole Brown,tina44@rosales-martinez.biz,Sales Executive,Product,22,129665,North Jacquelineberg
130,Vicki Thompson,brooksmelanie@stewart-webb.info,Product Manager,HR,48,70157,Pierceton
131,Robert Miranda,jmckee@green-wheeler.info,Sales Executive,IT,45,118543,Terrimouth
132,Olivia Gibson,robin96@sharp-hall.com,Sales Executive,Analytics,54,48622,Breannamouth
133,Juan Flowers,barnescandice@howard.com,Sales Executive,HR,27,87477,West Jonathan
134,Michele Bryant,nicholaswatson@anderson-romero.com,Software Engineer,IT,50,33107,Port Samanthaborough
135,Dr. Andrew Hall,weberlisa@wood.com,HR Manager,Analytics,27,101979,Port Roberttown
136,Andrew Moreno,cheyenne95@gonzalez.com,Product Manager,Analytics,52,67561,Howellport
137,Michelle Simon,jacobrodriguez@brown.biz,Product Manager,Sales,33,79422,North Johnchester
138,Kevin Thompson,sfrye@miller.org,Product Manager,HR,46,76484,Goldenshire
139,Clarence Norman,dianejimenez@ingram-holder.com,Software Engineer,Product,58,96433,West Jose
140,Ellen Ford,scott36@lucas.com,Sales Executive,HR,35,103171,Mcculloughchester
141,Andrea Cooper,george63@reed.org,Data Scientist,Analytics,22,72457,Scottview
142,Michael Becker,rhondacampbell@washington.net,HR Manager,Analytics,57,41200,Valerieton
143,Mrs. Jessica Howell MD,gsmith@wilkerson.net,Sales Executive,IT,46,109823,Williamsfurt
144,Angela Miller,berryjulia@simon.com,Data Scientist,IT,31,61862,Bartonfort
145,Robert Larson,vhudson@richards-gibson.net,HR Manager,HR,40,45232,Lake Stephenport
146,Jacob Rodriguez,nelsontimothy@ward.biz,Sales Executive,IT,55,106049,West Kevin
147,Caleb Herman,jacobsmonica@williams.biz,Sales Executive,HR,28,102635,North Taylorchester
148,Christopher Wilson,khoward@coleman.net,Product Manager,Analytics,34,129061,West Johnnytown
149,Mike Smith,pfuller@ross-larsen.com,Product Manager,IT,40,123744,Lake Veronicamouth
150,Austin Reyes,xjohnson@nolan-gilmore.com,Sales Executive,Product,46,136193,East Amanda
151,Stephanie Anderson,rileymarie@kelly.com,Data Scientist,IT,52,140772,South Lorifurt
152,Corey Patel,johnsonstephen@brown.com,Product Manager,IT,24,69114,Robertville
153,John Morrison,wclark@richardson.info,HR Manager,HR,53,73852,West Johnmouth
154,Tasha Robinson,lisa74@knight.org,Software Engineer,HR,40,112350,Fostermouth
155,Christina Holmes,kayladavis@mitchell.org,Product Manager,Sales,49,95451,Roberthaven
156,Dana Ward,sarah75@jensen-franklin.com,Product Manager,Analytics,40,64159,Pattersontown
157,Mary Rose,jmiller@larson.com,Sales Executive,IT,49,48963,Port Timothy
158,Kayla Knox,keithmichael@montgomery-hunt.com,Sales Executive,Analytics,59,92505,Jenniferland
159,David Alvarado,rogerskimberly@wolf-elliott.org,HR Manager,Sales,36,40306,Port Michael
160,James Fleming,bradley85@sweeney.com,HR Manager,Sales,29,112902,North Johnnychester
161,Michael Robles,evansgregory@watts.com,Software Engineer,HR,28,63369,Lake Jesse
162,Matthew Smith,martincynthia@powell.info,Software Engineer,Sales,28,53604,Simsville
163,Jessica Hammond,vstevens@smith.info,Product Manager,IT,48,85726,Cynthiahaven
164,Angela Lane,nicholasperez@randall.com,Data Scientist,Analytics,24,111508,North Kelly
165,Brian Davis,williampruitt@baker-stevens.info,Product Manager,Analytics,33,97913,North Tammyburgh
166,Jesse Jones,tammie03@scott.info,HR Manager,Analytics,28,132036,Reginafort
167,Troy Williams,shawmark@ward.com,Software Engineer,HR,37,78435,Jacobsstad
168,Michelle Zhang,vrogers@monroe-white.com,Product Manager,Sales,49,36962,Lake Allison
169,Victor Reyes,ywilson@anderson.biz,HR Manager,Analytics,51,113760,Racheltown
170,John Odom,phillipsheather@garcia.biz,Sales Executive,Product,49,134543,West Melissaton
171,Joseph Henson,msanders@grant.com,Product Manager,Product,55,44101,Jillianville
172,Lisa Chapman,jacqueline78@serrano.com,HR Manager,Product,24,75486,Hoodmouth
173,Catherine Turner,monicaanderson@flores-carter.net,Sales Executive,Analytics,34,128536,West Kristinland
174,Shaun Lee,jacoballen@rogers.biz,Data Scientist,HR,54,117044,Morrisonport
175,Lauren Anderson,jacksonbenjamin@buchanan.info,Product Manager,IT,40,39853,Leshire
176,Ryan Pierce Jr.,hornsherry@woodard-garcia.info,Product Manager,Product,58,35999,West Jefferybury
177,Richard Montgomery,stonescott@erickson.com,HR Manager,Product,42,91010,Jonesborough
178,Shane Rivera,thomasrodriguez@anderson.com,Software Engineer,HR,25,127201,Archerland
179,Alexis Gordon,hrobinson@case.com,Product Manager,IT,23,101120,Port Nicholasland
180,Kevin Stevens,smithlisa@hernandez.com,HR Manager,HR,22,108394,Starkfurt
181,John Willis,pgreen@cruz.org,Sales Executive,Analytics,59,57650,Suttontown
182,Jose Miller,amber68@lane-lynn.net,Product Manager,Analytics,49,33633,Sanchezville
183,Amanda Daniels,ncook@russell.com,Data Scientist,HR,53,33447,Lake Jake
184,John Gonzalez,edward34@russell.biz,Product Manager,Product,24,52183,Port Stephanieburgh
185,Tyler Robinson,brandihicks@cook-mathis.net,Product Manager,IT,55,63422,East Timothyhaven
186,Charles Blanchard,tyler66@stuart.net,Data Scientist,Product,60,142924,Christophershire
187,Danielle Mathews,wallaceian@medina.info,Product Manager,Sales,27,126680,West Oliviastad
188,Melissa Turner,ogonzalez@johnson-kane.com,Data Scientist,Product,31,106541,Myersfurt
189,Aaron Johnson,rebecca23@oneill.info,Data Scientist,IT,60,133520,Floresland
190,Nathan Montgomery,dlong@juarez.com,Sales Executive,Sales,36,139575,South Roy
191,Jill Moreno,patrickmary@bauer.com,Product Manager,Product,50,148945,Roblesside
192,Angela Graves,molinamichelle@ellison-clayton.biz,Software Engineer,Sales,33,93188,North Michellemouth
193,Jeffrey Cole,glassmonica@kline.biz,HR Manager,Analytics,28,67371,Clarkstad
194,Christy Greene,hallronald@graham-schroeder.biz,Product Manager,Analytics,35,68549,Alisonfurt
195,Denise Lopez,jonathan59@ward-owen.net,Data Scientist,HR,37,117486,Lake Christophershire
196,Brian Garcia,greenjames@beck.com,HR Manager,HR,39,145006,Lake Emilyfurt
197,Kelly Mccarty,kingdominic@medina.com,HR Manager,HR,43,79534,North Lisa
198,Kelly Casey MD,ybarajas@robbins.org,Product Manager,IT,49,71176,Thomashaven
199,Aaron Clark,xhughes@lozano-collins.com,HR Manager,IT,33,53129,West Reginaberg
200,Daniel Beck,buckleyrichard@lynch.biz,Product Manager,Product,51,149820,North Patricia
201,Ariana Hicks,tgarza@roberts.net,Software Engineer,HR,39,70658,Port Kevin
202,Mr. John Richardson,qgonzalez@jenkins.org,Sales Executive,Analytics,56,136675,New Stevenshire
203,Jeffrey Gonzalez,william12@barr-taylor.net,Software Engineer,Sales,52,131668,South Tanya
204,Jordan Garcia,malonecharlene@anthony-ryan.com,Data Scientist,Analytics,26,139410,East Christopher
205,Maria Turner,dawnmosley@goodwin.net,Data Scientist,Sales,23,40497,Grimesmouth
206,Angela Wood,stephen84@conley.com,Data Scientist,Sales,35,88810,Williamburgh
207,Anthony Peterson,lindanelson@carson.com,Product Manager,Sales,27,95456,Earlbury
208,Charles Woodard,aaron71@ramirez.com,Sales Executive,Analytics,52,119104,Wilkersonport
209,Lauren Sharp,jamesmoore@lucas-bailey.com,Software Engineer,Product,58,76828,New Nicholasville
210,Samantha Hobbs,bsmith@wilson-cochran.com,HR Manager,Sales,27,36267,Haleyberg
211,Michael Wright,brett22@pollard-wilkins.com,Data Scientist,HR,48,83729,Williamchester
212,Vanessa Shields,mwillis@lewis.info,Sales Executive,Product,57,128268,Toddburgh
213,Kimberly Gonzalez,lewisluke@smith.com,HR Manager,Analytics,37,57321,Johnsonburgh
214,Crystal Rivera,tbean@lynch-kelly.org,Software Engineer,Product,36,79025,Lake James
215,Sara Norris,malexander@king.com,HR Manager,Sales,52,41905,North Daniel
216,Bryan Morris,werneredward@jennings.com,Sales Executive,Analytics,42,80203,South Michelle
217,Anthony Hill,nicholasmiller@cunningham.com,Sales Executive,Product,47,100900,South Barbaraborough
218,Karen Mills,justinwatkins@sanders.org,Product Manager,HR,46,115687,West Sherry
219,Jennifer Mckinney PhD,tgarcia@hughes.com,Data Scientist,Analytics,47,39133,New Stephanieborough
220,Robert Arnold,christymitchell@gallagher-gutierrez.com,Product Manager,Product,29,53717,Brownburgh
221,Stephanie Perez,cheyenne28@ramirez.com,Data Scientist,HR,41,63301,Cunninghamside
222,John Allen,karina48@campbell.com,Sales Executive,Analytics,42,48902,Chavezburgh
223,Andrew Castro,jimmymay@lee.biz,HR Manager,Product,34,36138,Stanleytown
224,Kenneth Taylor,christyolson@mercado-kennedy.com,Product Manager,HR,56,85228,Josephville
225,Toni Nguyen,jerry51@griffith.org,HR Manager,IT,24,65499,New Danielle
226,Tracy Lewis,robertlewis@lara.com,Sales Executive,Sales,24,52670,Samanthafurt
227,Andrea Palmer,brettkelly@myers.com,Sales Executive,IT,43,113432,Abbottfurt
228,Philip Carpenter,walter30@coleman-marshall.com,Software Engineer,Sales,39,81782,Loganshire
229,Sean Vincent,jamesortiz@morales-espinoza.org,HR Manager,HR,28,100851,New Jenniferfurt
230,Nathan Gutierrez,rdavenport@johnson-barnes.com,Product Manager,HR,28,76305,Scottfort
231,Linda Yates,wbaker@myers.net,Sales Executive,HR,37,50213,Moralesside
232,Brittney Anderson,ian82@berger-jones.com,Software Engineer,HR,24,134688,Bartlettshire
233,Sarah Hernandez,kimberly08@dennis.com,Product Manager,HR,38,102958,Port Shanebury
234,Lee Carr,duncanjohn@estrada-dickson.org,Sales Executive,HR,44,116881,West Bruce
235,Jennifer Hinton,qbrown@hall-moreno.com,HR Manager,Sales,41,96951,North Michaelchester
236,Timothy Owens,smithkevin@ramos-roman.com,Data Scientist,Analytics,25,55995,Port Marissastad
237,Dawn Manning,benjamin70@peterson.net,Product Manager,Analytics,53,93911,East Sandyfurt
238,Michael King,vriggs@simmons.org,Software Engineer,Analytics,37,140649,New Mariaborough
239,Andrew Estrada,chandleramanda@smith-dominguez.com,Product Manager,Sales,46,51314,Boonestad
240,Olivia Frey,anthony38@herrera.com,Data Scientist,Analytics,43,108106,Lake Matthew
241,Steven Smith,brianwolfe@fields.com,Product Manager,Analytics,33,108397,Campbellfurt
242,Emily Lopez,jessicaphillips@sanchez-gibson.com,Product Manager,Sales,34,52415,North Stevenmouth
243,Katherine Cruz,ehoward@richards.org,Software Engineer,HR,45,35001,Richardsonfort
244,Laura Obrien,lcarson@barron.com,Sales Executive,Analytics,28,115178,East Nicholas
245,Angela Baker,stephen51@wilson-caldwell.info,Software Engineer,Analytics,54,89510,Lake Ruben
246,Allison Morrison,rebecca05@malone.com,Data Scientist,Sales,40,37158,Petersmouth
247,Veronica Navarro,dwhite@anderson.com,Sales Executive,Analytics,58,115774,South Julianview
248,Calvin Miller,michaelwilson@thomas.biz,Data Scientist,Sales,25,100487,Benjaminport
249,Cindy Walsh,parker84@golden.net,HR Manager,Product,23,98002,West Albertland
250,Judith Myers,sheila78@nelson-dominguez.com,HR Manager,HR,57,148804,Deanton
251,Melissa Walton,robertkrause@pennington.org,Sales Executive,IT,55,117660,Marcoport
252,Ashley Edwards,wardlori@smith.biz,HR Manager,Sales,52,134994,Gregoryland
253,Justin Simmons,adamsscott@young.biz,Software Engineer,Analytics,40,52911,Annaville
254,Erica Patel,ryan52@osborn-brock.com,Product Manager,Product,44,31718,Port Kathryn
255,Brenda Huerta,sydney89@cline.biz,Data Scientist,Product,26,52484,Port Mauricebury
256,Sarah Forbes,denise04@fritz-doyle.com,HR Manager,IT,42,41018,Sullivanmouth
257,Kenneth Cummings,dsteele@bauer-barr.com,Sales Executive,HR,26,49096,Davisfurt
258,Scott Thompson,rodneysmith@anderson.org,HR Manager,IT,49,91447,South Rachael
259,Katrina Lynch,ariasvalerie@montoya-rhodes.com,Product Manager,Product,60,43702,Pamelastad
260,Nicole Barron,beckercrystal@jones.com,Sales Executive,Analytics,53,117248,Nicholasbury
261,Evan Adams,stephanie84@phillips.info,Data Scientist,HR,26,93894,Russellland
262,Jennifer Romero,jonescraig@moore-diaz.com,Sales Executive,Product,36,133433,Hendersonton
263,Lisa Alexander,jonessamantha@palmer.com,Data Scientist,HR,33,134915,Feliciaburgh
264,Steven Gonzalez,ryanvega@stark.com,Software Engineer,Product,29,53405,East Amandamouth
265,Jaclyn Fletcher,amanda68@best.com,Data Scientist,Sales,47,115479,North Amanda
266,Paige Norman,oscarmorgan@stewart.biz,Product Manager,Product,59,93877,Jeffreystad
267,Marilyn Jensen,xberry@peterson-crawford.com,Product Manager,IT,31,49155,Hawkinsberg
268,Laura Barnett,matthew04@morris.com,Product Manager,HR,57,68927,North Beverlyfort
269,Jonathan Fuller,porterandrea@gardner-hall.info,Data Scientist,Sales,28,91272,Cynthiaberg
270,Timothy Hernandez,courtneywarner@ward.info,Data Scientist,Analytics,49,149149,North Steven
271,Marcus Valdez,christopher97@duncan-kennedy.com,Data Scientist,Analytics,52,82832,East Emma
272,Matthew Dixon,richardsonsusan@king.com,Software Engineer,HR,36,126120,North Lauraview
273,Cynthia Baker,nwilcox@johnson-murphy.com,Software Engineer,HR,55,123085,Grantborough
274,Gabrielle Hill,martinezjessica@pratt.com,HR Manager,Product,42,115863,New Ian
275,Kim Barker,klindsey@may-flores.com,Data Scientist,HR,23,68624,Lake Williammouth
276,Adrian Zamora,holtpatricia@baxter.net,Software Engineer,IT,58,127130,Nelsontown
277,Taylor Hughes,parrishevan@lewis-morales.com,Software Engineer,Analytics,41,125247,Garciaborough
278,Paul Elliott,desireejames@olson.com,Sales Executive,Analytics,33,128240,Herrerafurt
279,Mrs. Allison Walker,amandaturner@ford-ross.com,Sales Executive,Sales,28,83771,North Adamland
280,Kevin Tran,rodriguezmarissa@osborne.com,HR Manager,Product,51,42783,Port Michelle
281,Jeremy Daniels,travis03@reynolds-thomas.com,Data Scientist,HR,31,63657,South Alexis
282,Sarah Baker,nrobinson@beard.biz,Product Manager,Analytics,38,129906,South Kellyfurt
283,Susan Mason,mariozimmerman@martinez.com,Product Manager,IT,31,75781,West Michele
284,Gary Key III,paul12@davila-beard.com,Software Engineer,Analytics,58,147698,Davidshire
285,Maria Rodriguez,moonchristine@stewart.info,Data Scientist,HR,33,46416,Port Robertmouth
286,Richard Villanueva,charles89@harvey.com,Software Engineer,HR,30,52006,West Jacob
287,Lisa Oliver,wgates@lopez-hudson.com,HR Manager,Sales,58,77959,Mikeberg
288,Bruce Vasquez,middletonsteven@horne.net,Product Manager,HR,49,118809,North Brent
289,Blake Rivas,bethrich@weeks.biz,Sales Executive,HR,53,124180,Fosterton
290,Jeffrey Mitchell,james88@lewis-kramer.com,Software Engineer,Sales,41,64060,Stevenside
291,Thomas Guzman,carolbecker@martinez.com,Data Scientist,Product,41,67238,Christophershire
292,Laurie Mercer,pricejessica@mack.com,HR Manager,Product,28,83218,Port Briannaville
293,Christopher Mcclure,matthewgriffin@roberts-lang.com,HR Manager,IT,28,86701,North Sean
294,Tony Cortez,xritter@lewis-white.com,Data Scientist,Analytics,48,41789,Baileyborough
295,Leslie Casey,tdaniels@may-holmes.com,Software Engineer,Product,37,76032,New Jonathanberg
296,Christy Guzman,davidsweeney@maynard.com,Data Scientist,Product,59,92974,Michelleshire
297,Timothy Moreno,phillip92@berger-parker.com,Data Scientist,HR,47,59735,Deborahview
298,Amber Coffey,barrettnancy@ellis.biz,HR Manager,Sales,35,140988,East Jacqueline
299,Phyllis Smith,hannah87@gonzalez.org,Data Scientist,Product,36,71527,Wellsmouth
300,Alejandro Smith,xmoore@sanders.com,Software Engineer,Sales,50,112621,West Bernard
301,Kyle Gray,parksjoseph@nunez.info,Data Scientist,Product,23,126561,North Gabriellaburgh
302,Joshua Nguyen,jasonperry@curry.biz,Software Engineer,IT,31,39530,North Kayla
303,Kelly Doyle,greencrystal@sanders-robinson.com,Sales Executive,Product,30,86315,Priceville
304,Cynthia Smith,lewisfrances@mcclain-lee.com,Data Scientist,Analytics,49,84686,Ianberg
305,Valerie Hampton,gutierrezrachel@ball.com,Sales Executive,IT,48,149857,East Raymond
306,Catherine Brooks,matthew96@lamb-martinez.com,Data Scientist,IT,39,39220,New Jeffrey
307,Jeffrey Shelton,hicksandrew@paul-jones.biz,Data Scientist,Product,46,77761,Vaughnchester
308,Peter Warren,lmyers@garrison.net,HR Manager,Product,25,129216,West Jaredfurt
309,Robert Schwartz,melindawilliams@case.com,Software Engineer,IT,27,78662,Georgemouth
310,Jennifer Ayala,matthewkramer@manning.org,Product Manager,Analytics,52,77181,Dixonfurt
311,William Mccall,hwheeler@byrd.info,Software Engineer,HR,54,146725,Brightside
312,Aaron White,heatherwilliams@wilkerson.info,Sales Executive,HR,33,99484,Lake Katieburgh
313,Melanie Preston,henrymark@perez.biz,Software Engineer,HR,31,107680,New Nicoleburgh
314,Joel Mays,dbennett@mitchell.com,Data Scientist,Product,44,35223,Port Tony
315,Gabrielle Richardson,kjohnson@wilson.com,Data Scientist,Analytics,25,56805,East Jeffreybury
316,Jason Watts,amber62@lloyd.biz,Sales Executive,IT,28,149457,Josephview
317,Gary Gonzales,tammy87@byrd-pearson.net,Data Scientist,IT,48,149351,Davisshire
318,Lisa Rowe,shawnwilson@tran.biz,Software Engineer,Analytics,27,73802,Walkerland
319,Daniel Peterson,rodriguezdonald@irwin.com,Sales Executive,HR,32,114098,West Cheryl
320,Ryan Griffin,tracymartinez@ryan.com,Data Scientist,Sales,52,86323,Woodsview
321,Frederick Martinez,parkerkelsey@gibson.com,Product Manager,Sales,30,116227,Lake Christopher
322,Nicolas Ortega,jesusmclaughlin@castillo.com,Data Scientist,Analytics,38,125447,South Julieberg
323,Wayne Wang,kruegerconnie@clark.com,Sales Executive,Product,23,95539,Brianbury
324,Mary Cruz,gardnernicholas@jones.info,Product Manager,IT,42,118748,Port Sarah
325,Joseph Waters,michaelpitts@brooks-blair.biz,HR Manager,Analytics,34,77308,West Robert
326,David Vasquez,chamberskelly@holmes.com,Software Engineer,HR,50,50083,North Christopher
327,Marcus Wilson,kbell@davenport.org,HR Manager,IT,55,46880,Port Leslie
328,Steven Bailey,justincooper@thomas.com,Sales Executive,Sales,57,123108,Port Lynnville
329,Brittany Sellers,prussell@goodman-sanchez.net,Product Manager,HR,31,124551,Adrianburgh
330,Pamela Anderson,jill25@martinez.net,Sales Executive,HR,54,41309,Philipmouth
331,Brandon Barber,jessica75@ruiz-moore.com,Software Engineer,IT,33,40137,Lake Charlesburgh
332,Jonathan Parsons,rogerschristine@garza.net,Data Scientist,HR,32,55611,East Heathermouth
333,Mikayla Hernandez,shepherdkelly@robbins.org,Software Engineer,Product,28,118862,Lake Nathanielfort
334,Barbara Williamson,amandagallegos@brown-winters.com,Software Engineer,HR,36,62696,Pattersonbury
335,Patricia Walker,stephensgeorge@howell.com,Data Scientist,Product,38,92787,East Jason
336,Sarah Barrera,triciawilliams@meyer.org,Product Manager,Product,52,130290,New Douglaston
337,Alyssa Olsen,maryschmidt@castillo.biz,Data Scientist,HR,28,131776,New Ericbury
338,Keith Shields,palmerhoward@paul-good.com,HR Manager,Analytics,34,109396,New Ericland
339,Kayla Olson,evansfrank@thomas.biz,HR Manager,Product,42,143242,West Michael
340,Timothy Andrade,jamesrose@moreno-brooks.com,Data Scientist,HR,46,86801,Gravesland
341,Tiffany Miller,smyers@velez-jones.com,Product Manager,HR,40,75226,Sarahshire
342,Erika Castillo,wwatson@chavez.com,Software Engineer,Product,37,37923,Lake Brian
343,Steven Singleton,ybarton@walton.biz,HR Manager,HR,27,81833,Port Patrickshire
344,Danielle Flowers,stephenmcgrath@wright.biz,HR Manager,Sales,25,109156,North Ethan
345,Michelle Hayes,gknight@gardner.com,Product Manager,Product,39,93619,East Emilyberg
346,Ashley Gallegos,laura17@brown.com,Software Engineer,Analytics,26,65012,West Michaelton
347,Sandra Clark,zacharyreed@garcia-edwards.org,Data Scientist,HR,35,46452,Lake Robert
348,David Jackson,margaretkeller@simmons.biz,HR Manager,IT,22,97037,South Michael
349,Logan Frank,imathis@reed.org,Sales Executive,Analytics,38,120092,Lake Brooke
350,Kristina Moran,vazqueztammy@gray.com,HR Manager,HR,23,146025,Youngview
351,Katherine Johnson,lambertronald@grant.com,Data Scientist,Analytics,26,43708,Wolfville
352,Stephen Morrow,rogerskaitlyn@sullivan-morgan.com,Product Manager,Sales,54,87555,Matthewside
353,Dustin Brown,rachel86@adams.com,HR Manager,Analytics,38,67444,Keithport
354,Elizabeth Simon,gdavenport@hodges.com,Product Manager,Sales,26,80356,Cameronchester
355,Melissa Adams,valentinecraig@mitchell.com,Product Manager,Product,23,139919,West Darren
356,Marissa Ray,rebecca31@valdez.com,Sales Executive,Analytics,27,111462,Byrdport
357,Benjamin Hart,garciarichard@reyes.com,Data Scientist,IT,55,71205,Vasquezburgh
358,Michael Martinez,pkim@petersen-butler.biz,Product Manager,HR,32,50733,Jonesland
359,Lisa Young,rhondaturner@hayes.net,Product Manager,IT,47,65281,New Charlesmouth
360,Donna Hernandez,guydalton@dickson-lewis.biz,HR Manager,IT,51,146563,Jamiestad
361,Patrick Campos,jonathanortiz@jackson.com,Sales Executive,Product,54,86517,Debrastad
362,David Pratt,davidpoole@vargas-anderson.info,Software Engineer,HR,58,47058,New Kellyburgh
363,Michael Townsend,blakejohn@foster.com,HR Manager,Product,30,126119,New Cherylton
364,Cheryl Rodriguez,brent42@gordon-bridges.info,Software Engineer,Analytics,30,118006,Dawnside
365,Matthew Phillips,jasonburgess@walker.org,HR Manager,Analytics,27,147520,North Willie
366,Rhonda Black,dustinbarnes@hammond.com,Sales Executive,Product,36,38096,North Connie
367,Timothy Daniels,monicapatterson@goodwin.com,Sales Executive,Product,57,85362,South Julie
368,Christopher Reed,davisstephen@aguilar.com,Data Scientist,Sales,32,82251,North Chloe
369,Kyle King,cvillarreal@davis.org,Product Manager,Analytics,30,126395,Hallburgh
370,Brandon Garcia,jennifercampbell@conley.com,Sales Executive,IT,27,133561,Bryantland
371,John Baker,uerickson@tran.com,HR Manager,IT,33,109791,East Staciebury
372,Caleb Small,brandon56@cabrera-hendrix.com,HR Manager,IT,52,91301,Heidichester
373,Louis Williams,ggray@peters.com,Sales Executive,Sales,54,110711,Beckmouth
374,William Bryan,rebecca19@weaver-hickman.net,Data Scientist,Product,54,108899,Port Jameshaven
375,Michael Wilson,amandaweaver@thompson.info,HR Manager,IT,45,31422,Port Samuelfort
376,Dakota Compton,jorge69@white.com,Data Scientist,Product,34,74410,Torresville
377,John Ayala,jandrade@rivera.com,Software Engineer,IT,55,95988,Port Johnmouth
378,Brianna Perez,kimberlyayala@jacobs.info,Product Manager,IT,51,74445,Mcintoshfurt
379,Raymond Stone,kpatton@lewis-robinson.com,Software Engineer,Analytics,42,87924,Port Lindsaytown
380,Virginia Wallace,fullerjonathon@curtis-michael.com,Sales Executive,Analytics,54,123237,South Jermaine
381,Rachel Rodriguez,john50@jordan.org,Data Scientist,Analytics,59,56611,East Jonathanchester
382,Brandon Christensen,ryanwatson@smith.info,HR Manager,Sales,31,131240,Port Susanstad
383,Patrick Wells,montgomerylarry@coleman.com,Software Engineer,Product,44,94484,Port Cameron
384,Alan Adams,reidnicole@reynolds.org,HR Manager,Analytics,52,37604,Roberthaven
385,Mark Frank,susancross@sullivan.com,Sales Executive,Analytics,38,119873,East Harold
386,Erica Ballard,hallsusan@wolf.com,HR Manager,Sales,27,42348,New Kevinbury
387,Charles Ruiz,orich@reid-stephens.com,Product Manager,Sales,41,54655,North Tara
388,Anna Hood,catherine91@young-henry.org,HR Manager,Product,38,122171,Brookston
389,John Hubbard,hhughes@jackson.org,HR Manager,Product,40,48811,Lake Michael
390,Ashley Wilcox,alex17@sanders-dorsey.net,Data Scientist,HR,50,64233,New Joseph
391,Jennifer Tucker,heather23@stevenson.org,Software Engineer,Product,44,125231,Harrisbury
392,Krystal Clark,william20@larson.info,Sales Executive,IT,23,91363,East Kenneth
393,Jessica Dickson,fwilson@byrd.com,Product Manager,Product,37,51005,West Sarahfort
394,Samantha Escobar,marymoody@hernandez.com,Product Manager,Sales,49,70429,Port Morgan
395,Lori Robinson,adamrocha@wong.com,Sales Executive,Sales,45,115360,West Julietown
396,Gabriel Morris,cheyenne88@holland.com,Sales Executive,Sales,26,99605,Phillipsside
397,Daniel Weaver,brian34@murillo.info,HR Manager,Product,52,66519,Jessicaton
398,Amy Johnson,brenda42@sutton-moreno.biz,Sales Executive,Analytics,37,36799,South William
399,James Wilson,llambert@stanley-warren.org,HR Manager,IT,29,126608,Collinstown
400,Hannah Garcia,danielbrenda@hernandez.net,Software Engineer,Product,55,66202,Antonioshire
401,Jose Cole,michaelphillips@sanders.com,Sales Executive,Sales,32,127415,Donaldside
402,Larry Jackson,anthony84@moore.org,Product Manager,HR,40,72682,Feliciamouth
403,Christy Rocha,montgomerytyler@smith.biz,Sales Executive,IT,31,100809,Port Mercedes
404,Patricia Ellis,rogerclark@williamson-martinez.org,Software Engineer,Analytics,48,126209,Costastad
405,Tracy Gonzalez,martineznatalie@lopez.com,Software Engineer,Analytics,35,73225,South Jamesmouth
406,Jessica Lambert,fullerroger@booker-roman.com,Software Engineer,IT,41,71938,Jensenville
407,David Figueroa,johnbullock@garrett-barker.com,HR Manager,Sales,58,75396,Jonesport
408,Christina Randall,jefferylawrence@fitzpatrick-brown.net,Product Manager,HR,29,148390,East Ericbury
409,Deborah Gilbert,smithmadison@reynolds.biz,Sales Executive,Product,27,129440,Cabreramouth
410,Joseph White,rodriguezgary@haley.com,Software Engineer,HR,30,115663,Nealville
411,Jeff Fritz,mccannjoann@duran.org,Product Manager,HR,30,51922,Tammyberg
412,Mary Barnett,jeremypratt@fletcher.com,Product Manager,IT,60,147194,Powersfort
413,Beth Young,qhoffman@cummings.net,Sales Executive,Product,39,140180,East Brittneyton
414,Edward Gonzales,martinjillian@gonzalez-abbott.org,Product Manager,Analytics,37,92960,Sabrinaland
415,Ashley Taylor,vasquezlydia@stewart.com,Product Manager,Sales,32,96433,Williamsport
416,Loretta Morris,robertsonstacy@fisher.com,Product Manager,Product,44,106618,New Caitlyn
417,Christopher Martin,kristi88@young-shaw.org,Software Engineer,HR,52,44971,Lorihaven
418,Scott Nelson,gloria67@olson.org,Software Engineer,Product,24,85212,Lake Michael
419,Eddie Jackson,warrendylan@moore-armstrong.com,Software Engineer,Product,33,74887,East Craigshire
420,Andrea Buck,vporter@wong-preston.biz,Data Scientist,Analytics,40,65578,Port Julie
421,Wendy Hernandez,amandahernandez@hernandez.com,Sales Executive,IT,41,30932,Alyssatown
422,Stephanie Martinez,unewton@alexander.com,HR Manager,Sales,25,53761,Amandaside
423,Leah Wilson,johnwright@scott-adams.biz,Data Scientist,IT,34,145312,New Andrew
424,Eric Olson,ashley46@ramirez-rodriguez.net,Data Scientist,HR,45,128035,Stephanieton
425,Thomas Dudley,johnsongrace@yang.com,Software Engineer,IT,34,41224,Jasontown
426,Abigail Tucker,martinelizabeth@edwards.com,Data Scientist,IT,55,33832,East Deniseshire
427,Michael Hughes,molinaann@lewis.net,Product Manager,Product,33,113518,Nicoleborough
428,Nancy Wong,egardner@rodriguez.com,HR Manager,Sales,31,99613,Danielland
429,Destiny Ramos,carpenterjessica@nichols.org,Product Manager,HR,35,36561,West Rick
430,Lawrence Chavez,kevin58@pratt.com,HR Manager,Sales,45,87018,Rileystad
431,Bonnie Russell,lopezleroy@klein.com,HR Manager,HR,39,57441,Nicholasside
432,Robin James,hli@owens.com,HR Manager,Analytics,46,121233,Singletonport
433,Elizabeth Guzman,michaeljordan@long.info,HR Manager,HR,30,49599,Elizabethmouth
434,Paul Hayden,swhite@turner-hamilton.biz,Data Scientist,Product,31,52256,South Ian
435,Tracy Smith,marcus51@fernandez.biz,Data Scientist,Sales,35,61396,West Bryanville
436,Jacob Zuniga,angeladavis@johnson.biz,Software Engineer,Analytics,53,88846,Lake Hannahton
437,Mark Brown,xproctor@wright-powell.com,Data Scientist,Analytics,51,99763,Lake Denniston
438,Tammy Munoz,xtorres@sheppard.com,HR Manager,HR,54,98050,Erintown
439,Robert Smith,tgibson@love-hunter.com,Sales Executive,HR,32,35535,Cooperview
440,Kathleen Martin PhD,xmorales@johnson-schroeder.com,HR Manager,IT,42,137174,New Adamville
441,Michael Clark,bryantaylor@miller-saunders.com,HR Manager,IT,25,132107,East Benjamin
442,James Brown,glendaadams@bell-park.net,Data Scientist,Product,60,140344,South Sarah
443,Daniel Cook,jamesjackson@strong-hamilton.com,Sales Executive,HR,35,112573,West Roy
444,Virginia Hamilton,kimberlyvargas@simpson.com,Software Engineer,HR,43,79963,Christopherfort
445,Laura Potts,coxerica@ballard.org,HR Manager,Analytics,27,34367,West Gregoryport
446,Benjamin Green,jessica32@mendoza.org,HR Manager,IT,52,98006,North Mary
447,Lisa Freeman,jopotts@carlson-johnson.com,HR Manager,HR,41,33680,Port Tabithachester
448,Jason Miller,leah20@rose.com,HR Manager,HR,55,42555,East Kenneth
449,Lucas Miller,cperkins@smith-mendoza.com,Software Engineer,Sales,47,77266,North Phillip
450,Devon Smith,warnereric@burgess.com,Data Scientist,HR,58,84957,Matthewside
451,Donald Jacobson,uhanna@smith.com,Software Engineer,HR,47,87455,East Joanshire
452,Jessica Lopez,amy13@schmidt.com,Product Manager,Sales,47,54143,Port Bryantown
453,Brittany Edwards,oherrera@scott.com,HR Manager,Product,60,145705,Port Franceston
454,Lawrence Alvarez,allison04@cruz.com,Product Manager,HR,55,97186,Lake Jennifer
455,Jade Webb,melvin47@obrien-richardson.net,Product Manager,Product,51,140554,Aguilarburgh
456,Anthony Ford,geraldhodge@smith-hansen.com,HR Manager,Product,40,113515,Johnsonshire
457,Kevin Hernandez,carterjoseph@walker-newman.com,Product Manager,Product,54,147975,Port Richardberg
458,Danny Harris,alexandermiddleton@grant.com,Software Engineer,IT,50,100661,West Cameronland
459,Monica White,anitalee@dudley.info,Data Scientist,IT,25,122047,South Victorport
460,Terri Bowers,mooretyler@lambert.net,Data Scientist,Sales,26,148651,Bryanttown
461,Daniel Miller,thomas33@pineda-jones.com,Software Engineer,Analytics,39,116550,New Jamie
462,Robert Carrillo,xferguson@ramos.com,Software Engineer,Analytics,49,136825,Kiaramouth
463,Mr. Taylor Powell,tturner@torres-scott.com,Product Manager,Product,56,133638,South Alison
464,Richard Keith,jonathan88@montes.com,Sales Executive,IT,52,107586,Jamesfurt
465,Jessica Saunders,haascurtis@bell.biz,Product Manager,Analytics,34,52870,North Sara
466,Lindsay House,levi01@cisneros-higgins.com,HR Manager,Product,52,71464,Fordfurt
467,Cynthia Edwards,michaelgarcia@franklin.net,HR Manager,Product,33,63975,West Andrea
468,Ryan Cruz,nmoore@ruiz.org,Product Manager,Analytics,48,64386,New Kennethchester
469,Mark Perkins,kirwin@fleming-duarte.com,Product Manager,IT,60,110401,Elizabethchester
470,Heather Jackson,reidcynthia@miller.biz,Data Scientist,IT,32,102485,Zacharyfort
471,Malik Murphy,hilljeanette@romero.com,Data Scientist,Analytics,32,135899,Erikaside
472,Kristen Trujillo,ginasmith@christensen-wong.com,HR Manager,Product,31,114432,New Raymondland
473,Dustin Bartlett,nguyenjessica@myers-hopkins.info,Software Engineer,IT,35,95093,Lopeztown
474,Lisa Rogers,udavis@skinner.org,HR Manager,Analytics,48,65996,East Barbaraton
475,Christopher Allen,ataylor@hernandez.com,Data Scientist,IT,55,110147,Stephenborough
476,Cynthia Gonzales,matthewyang@scott-moran.com,HR Manager,IT,60,43858,West Paula
477,Blake Walker,sararobbins@barrera.org,HR Manager,Sales,23,115000,South Brenda
478,Meagan Murphy,vasquezanthony@johnston.com,Software Engineer,IT,60,30278,East Josephstad
479,Mary Stone,pjones@garcia.biz,HR Manager,Sales,60,33255,Thomasberg
480,Logan Stewart,stewartsamuel@smith-harvey.com,HR Manager,Product,33,123990,Jacksonbury
481,Natalie Smith,matthew44@reed.info,Software Engineer,IT,28,89914,North Emilybury
482,Brandon Peterson,butlerjennifer@mcgrath-maddox.com,Sales Executive,HR,25,67675,West David
483,Mark Nixon,anapowers@collier.com,Software Engineer,Product,33,115180,Rushshire
484,Michael Carpenter,hannahgill@lucero.com,Product Manager,HR,38,127304,North Morgan
485,Michael Strickland,adamhansen@johnson-owen.org,Product Manager,HR,26,58687,Chambersbury
486,Russell Terry,virginia55@gonzalez-ritter.org,Data Scientist,Analytics,32,112658,West Alan
487,Amber Mercado,iruiz@berry-nguyen.com,Data Scientist,Analytics,44,57055,New Amyfurt
488,John Foley,pricemarcia@jackson.com,Product Manager,HR,34,56044,Port Kevin
489,Robert Wilson,hhill@garcia.net,Sales Executive,Product,49,81779,New Nicoleport
490,George Rivera,geoffrey21@dawson.org,HR Manager,Analytics,28,147055,Port Annaview
491,Elizabeth James,richmondcody@holt.com,Software Engineer,Analytics,33,130520,Wilsonfurt
492,Ashley Mcgee,garciajoseph@maldonado-barron.org,HR Manager,Analytics,37,106169,Lake Victoriaport
493,Jeffrey Miller,boltoncorey@rodriguez.com,Sales Executive,HR,52,112352,West Megan
494,Trevor Pineda,owright@berry-sutton.info,Product Manager,IT,55,89297,Ericborough
495,Holly Morris,alanwilson@moore.com,Data Scientist,HR,44,127552,Browningbury
496,Jessica Lucero,phillipscharles@bartlett.com,HR Manager,IT,34,92747,West Amandaview
497,Megan Smith,starkfrancisco@white.com,Sales Executive,IT,32,39929,Kristinaside
498,Denise Kaiser,sarahhowell@roberts.com,Sales Executive,HR,30,57150,Jonathanside
499,David Warren,vfrazier@hogan-harrison.org,HR Manager,HR,37,49666,Kristenville
500,Matthew Frazier,gstokes@barrera.org,Software Engineer,Analytics,23,127003,Brentburgh
501,Elizabeth Sims,wrightkaren@davis.com,Sales Executive,Product,48,60343,New Samantha
502,Jennifer Woods,davilasharon@martin.net,HR Manager,Sales,59,52421,Katherineberg
503,Curtis Davis,robinhansen@roberts.com,Product Manager,Product,31,40318,Amandachester
504,Marcus Hicks,jake30@turner-lee.com,Software Engineer,Product,56,138709,South Julia
505,Lucas Cisneros,melissaodom@flores-davis.com,Data Scientist,HR,32,49996,Alexbury
506,Ashley Hart,rnavarro@smith.com,HR Manager,IT,59,60907,Glassmouth
507,Amy Reynolds,brookscarly@hall.com,HR Manager,IT,57,62303,Ryanview
508,Allen Simon,thomaslee@nichols.com,Software Engineer,Product,54,36530,South Kayleeport
509,Terri Robles,laura50@morris.com,Data Scientist,IT,55,90395,Lake Michael
510,Kyle Smith,christopher67@kelly.biz,Product Manager,Sales,38,129804,West Alyssa
511,Megan Herrera,moorerichard@garcia.org,Data Scientist,HR,34,31126,Brianmouth
512,Daisy Poole,tamara97@williams-barnes.com,Data Scientist,Analytics,22,134123,Bonillafort
513,Casey Fowler,brian01@lopez.info,Software Engineer,HR,43,71500,New Jennaview
514,Nicholas Davis,hrodriguez@thompson.com,Product Manager,Product,32,91305,East Douglasview
515,Mr. Earl Anderson,vernon41@richards.org,Product Manager,Analytics,36,72698,West Emily
516,Shawn Hanson,kimmichael@gonzalez-murray.com,Data Scientist,IT,24,99037,New Austinfurt
517,Albert Rubio,shelbybrown@bell.com,Product Manager,Sales,23,40612,Garciabury
518,Michelle Porter,kyle59@moore.com,Product Manager,Analytics,57,125450,East Sharonbury
519,Jay Lamb,dawnmartin@mcclain.com,Data Scientist,HR,47,75477,North Tanya
520,Stacey Henderson,david65@johnson.com,Software Engineer,Analytics,44,116094,Lake Katelynmouth
521,Amanda Schroeder,kristenmay@maxwell.com,Software Engineer,Sales,52,66626,North Colin
522,Travis Hernandez,dlin@simpson-thomas.biz,Data Scientist,IT,44,80981,West Lisafort
523,Scott Wang,dcarpenter@smith.info,Data Scientist,IT,45,37488,Smithfurt
524,David Santos,thorntonsheri@sullivan-sutton.org,Sales Executive,HR,49,75475,Port Ryan
525,Garrett Smith,ariel61@chandler.com,Software Engineer,Product,44,62379,East Hailey
526,William Thomas,tara12@allen-finley.com,Software Engineer,Sales,33,69314,Jennifershire
527,Robert Zhang,danielquinn@campos.com,Product Manager,HR,60,64397,Nicolehaven
528,Tyler Frederick,kristin86@miller-nelson.com,HR Manager,Product,40,133388,Leonardburgh
529,Matthew Raymond,montesmarc@robinson.com,Sales Executive,Sales,27,44873,Christinafurt
530,Jeffrey Santos DDS,housekatie@cole.net,Data Scientist,HR,49,53526,East David
531,Monica Nelson,joshua02@roberts-blair.com,Sales Executive,Product,49,99469,Harttown
532,Randy Johnson,susan22@scott.com,Software Engineer,Analytics,52,97600,Susanfurt
533,Bethany Buckley,popebrooke@bennett.com,Software Engineer,Product,34,120520,Lake Veronicaview
534,Charles Grant,ocoleman@campbell-miller.com,Sales Executive,Analytics,36,32254,Lake Ryanshire
535,Tim Walker,walshcaitlin@ramirez.net,Data Scientist,IT,36,32291,Mistyland
536,Laura Cruz,cameronherrera@sanchez.com,Data Scientist,Analytics,22,103761,Robertfort
537,Kimberly Edwards,stewartjason@martinez-best.com,Data Scientist,HR,60,63756,West Cindy
538,Alexander Wilcox,tom43@hoffman-jackson.biz,Sales Executive,Sales,35,132318,Millerport
539,Julia Ramsey,mccoymadeline@wright.net,Sales Executive,Analytics,57,81377,Christensenberg
540,Judy Jones,fyates@wade.com,Sales Executive,IT,27,84028,Lake Beverlyport
541,Mr. Gerald Jones,stephanie69@garrett.com,Data Scientist,HR,55,131416,Stevenstad
542,Nicolas Rosario,paynealexis@hines-horn.org,Sales Executive,HR,59,34611,Lake Dennismouth
543,Linda Morrison,fmitchell@boyd.com,HR Manager,IT,27,79524,East Larryland
544,Timothy Clay,rangellinda@baker.com,Sales Executive,Sales,28,143622,West Melissamouth
545,Jacqueline Evans,pbenitez@watkins.com,Product Manager,IT,26,83981,East William
546,Jeremy Johnson,bradleybaird@russell-maynard.com,Product Manager,Product,29,91422,Amandastad
547,Sarah Walls,gchavez@miller.com,Product Manager,HR,60,102746,West Martinfort
548,Timothy Harmon,matthewgreen@harris.com,Product Manager,Sales,38,94477,Josephhaven
549,Brianna Hamilton,perrykathryn@miller.org,Sales Executive,HR,51,88754,East Jason
550,Diana Graham,christian06@branch.com,Sales Executive,Analytics,59,53446,Alexandermouth
551,Megan Collier,robertsmith@lewis-james.com,Product Manager,IT,37,135428,West Patrickburgh
552,Billy Woodard,melaniefoster@smith.com,Sales Executive,Analytics,28,120853,Danielhaven
553,Michelle Ferguson,davidduncan@solis-steele.com,Software Engineer,Analytics,54,32741,Port Kellychester
554,Sydney Brown,jennifer56@glover.org,Sales Executive,Analytics,50,49962,East Valeriebury
555,Jared Jones,dawnharris@cohen-myers.info,Data Scientist,Analytics,48,107360,New Jacob
556,Mrs. Ashlee Werner,vcollins@drake.net,Sales Executive,Analytics,55,119168,Brittanyshire
557,Mr. Shane Welch,erica75@morgan.net,Software Engineer,HR,35,135099,New Barbara
558,Matthew Miller,howardjasmin@jordan-lucas.com,Product Manager,IT,60,93432,West Nicoleberg
559,Mike Sims,hhunt@perez.org,Software Engineer,Product,24,146195,Port Alexisville
560,Raymond Flores,kimberly27@luna.com,Software Engineer,Analytics,28,128083,Port Diana
561,George Cole,dudleydakota@pennington.info,Software Engineer,IT,36,98009,Casechester
562,Joshua Mendez,stephanieallen@duke-lewis.net,HR Manager,HR,24,104269,Morrisview
563,Louis Wright,anthonydavid@hernandez.com,HR Manager,IT,35,92371,Martinezberg
564,Amy Wright,william05@miller.com,Product Manager,Analytics,26,132288,Port Amandashire
565,Mr. Brandon Delgado,walkerkayla@santos-lee.com,Product Manager,Analytics,44,149314,New Jason
566,Diana Cooper,kennedyjames@lloyd.biz,Product Manager,Product,48,46556,Theresaside
567,Joseph Martin,nicole24@dunn.org,Data Scientist,HR,60,82875,West Autumn
568,Donald Johnson,jennifer21@johnson-barr.org,HR Manager,Product,25,105431,Carlosville
569,Denise Thompson,tiffanyvalenzuela@farley-thomas.com,Sales Executive,HR,56,62015,Duffystad
570,John Perry MD,olivia84@serrano.com,HR Manager,Analytics,50,125348,Buckport
571,Jessica Huerta,edwardlawson@johnson.com,Sales Executive,Sales,26,118896,Andreborough
572,Mark Finley,kfrank@hart.biz,Software Engineer,Analytics,46,106132,Port Anthonyville
573,Heather Taylor,kellymaureen@gray.com,HR Manager,HR,24,46625,Angelaside
574,Jennifer Perkins,christopherhill@stein.biz,Software Engineer,HR,43,102621,Port Melaniefort
575,Catherine Thomas,sarahibarra@watkins-jones.info,Sales Executive,IT,35,49544,Port Theresafurt
576,Julie Hampton,ericallen@alvarez-duncan.com,Software Engineer,IT,40,62107,Lake Christopherton
577,Raymond Edwards,holmesmaurice@flowers.com,Data Scientist,Sales,39,66785,North Katherine
578,Randy Harris,christiansanders@bell.biz,Sales Executive,IT,35,64791,Terriview
579,Kenneth Figueroa,vandrade@montoya-hill.com,Data Scientist,IT,46,78091,Michaelton
580,Jason Lewis,glopez@pearson-jackson.com,Data Scientist,Sales,49,67607,New Karentown
581,Alyssa Vega,emilyadams@todd.com,HR Manager,Sales,48,58500,Chandlerchester
582,Elaine Miller,mosesjames@perez.com,Data Scientist,Sales,41,96864,Michellemouth
583,Clarence Gray,judithclark@edwards.com,Product Manager,Sales,28,103693,Heathermouth
584,Erica Mathis,bakershannon@zhang.com,Software Engineer,Sales,59,146149,Patriciaside
585,Justin Alvarado,matthew89@sullivan.org,Software Engineer,HR,43,144064,West Anthonyview
586,Tony Barnett,carmenanderson@reynolds.net,Product Manager,Analytics,29,93380,Whiteburgh
587,Joseph Davis,ehayes@griffith-hicks.com,HR Manager,Product,49,57496,New Sharonberg
588,Sharon Perez,bearderic@sanchez-olson.com,Sales Executive,Sales,50,100901,Lake Amanda
589,Antonio Castro,thompsonmichael@green-hancock.com,Sales Executive,Product,26,114290,East Tiffany
590,Kristy Williams,ryan77@ruiz-snyder.biz,HR Manager,HR,44,34372,Port Staceyborough
591,Kimberly Welch,mwalker@dalton-griffin.com,HR Manager,Product,45,116589,East Katherine
592,Gary Roberts,teresagibson@ritter.net,HR Manager,Analytics,23,131100,Johnburgh
593,William Levine,taylorbowers@mcneil-meyers.com,Software Engineer,HR,53,70276,South Kathrynberg
594,Joanna Silva,brettlee@camacho-brown.biz,Sales Executive,IT,52,124619,Richardhaven
595,Shane Dunn,patrick70@price.com,HR Manager,Sales,44,113728,New Ericamouth
596,Krystal Mueller,hstrickland@matthews-alvarado.com,HR Manager,Sales,37,141319,Lake Craigton
597,Mr. Christopher James,stephencaldwell@patterson.org,Product Manager,Sales,44,128552,North Kellyton
598,Gabriel Mccarthy,andreamendoza@cole-bryant.com,HR Manager,HR,24,138336,Gilesfort
599,Diana Thompson,zjackson@rowe.org,HR Manager,Analytics,57,141258,Ramostown
600,Isabella Smith,jonathan82@clayton.org,Software Engineer,IT,25,47439,Port Gabriela
601,Nathan Knight,usanchez@barnett-brown.com,Software Engineer,Analytics,25,78249,East Nicole
602,Jessica Owens,kellybean@clements-ramirez.com,Product Manager,Product,39,38088,Josephside
603,Carrie Rogers,fgates@white-murray.com,Sales Executive,Analytics,29,99307,Janicemouth
604,April Morgan,amarshall@ashley.biz,HR Manager,HR,43,111372,Atkinsonshire
605,Todd Taylor,nicholas21@vargas.com,HR Manager,Product,44,137663,Shawnton
606,Nicholas Lee MD,gloria54@baker.biz,Data Scientist,HR,36,101143,Lake Mallory
607,Bonnie Marshall,marilyn41@howard-graves.com,HR Manager,Product,58,121873,Dominguezchester
608,Melissa Leach,qcochran@clark-barton.com,Software Engineer,IT,44,140467,Ashleyfurt
609,Katie Warren,ginamorris@briggs.net,HR Manager,Sales,30,54195,New Rebecca
610,Regina Perry,hfrazier@black-thomas.com,Sales Executive,Analytics,57,54700,Lake Katrinastad
611,Noah Romero,ballkristen@davenport.biz,Product Manager,Analytics,25,59662,North Annview
612,Melissa Martin,johnsoncheryl@chandler.info,Sales Executive,HR,31,138702,South Brittanyfort
613,Brian Wade,jacksonanne@vasquez.info,Product Manager,Sales,54,123384,Lisaside
614,Blake White,ibarrett@martinez.com,Sales Executive,HR,22,104241,Rhondaland
615,Jillian Jones,mitchellandrew@watson-ramirez.info,HR Manager,Product,24,38603,West Kellishire
616,Mathew Elliott,chelseastevens@carr.info,Sales Executive,Analytics,24,61116,Fosterbury
617,Leah Crawford,raymond17@hayes-larson.info,Sales Executive,Sales,37,50680,East Kristina
618,Veronica Murphy,adamsbrandon@howe.biz,Software Engineer,HR,40,129453,Scottland
619,Lisa Wang,elizabeth83@williams.com,Data Scientist,Sales,34,102075,Lake Stevenberg
620,Albert Riley,sabrina95@kelly.com,Product Manager,IT,45,127414,Thomaschester
621,Jon Martinez,katrinalopez@vasquez-atkinson.com,Data Scientist,Product,44,82318,Tylerborough
622,Mike Sweeney,robinsonaaron@peterson.biz,Data Scientist,IT,26,140143,South Markland
623,Gary Lewis,robert09@may.info,HR Manager,Analytics,30,66438,Scottbury
624,Edward Smith,dennis10@king.com,Data Scientist,HR,47,55304,West Kennethmouth
625,Jason Williams,ryancoleman@byrd.com,Product Manager,Analytics,58,107470,North Zachary
626,Cheryl Evans,maxwellkyle@waters.com,Data Scientist,IT,53,83591,Port Brett
627,Thomas Johnson,julieprice@wilson.com,Software Engineer,HR,44,52550,Port Robertborough
628,Valerie Hughes,julie17@booker-johnson.com,Sales Executive,Analytics,26,52978,South Jeffreychester
629,James Wheeler,johnflores@wright-gonzalez.com,Product Manager,Product,36,77651,Herringfort
630,John Dixon,rwright@ortiz.info,HR Manager,IT,40,91372,Fullerstad
631,Brandon Strong,yharris@murillo.info,Sales Executive,Product,59,83506,Matthewville
632,Jennifer Harris,william29@mcguire.com,Software Engineer,Sales,23,142827,Gainesview
633,Sherry Hickman,melissawilcox@ellis.com,Data Scientist,HR,24,54226,South Christopherport
634,Melanie Peters,ecastro@meyers.com,Software Engineer,Analytics,48,87272,Ruizburgh
635,Charles Jackson,scott97@reid.biz,Software Engineer,IT,23,55111,North Kevinport
636,Mrs. Renee Jackson DVM,troycollins@williams.com,Software Engineer,Analytics,30,100220,Jackton
637,Christina Johnson,huffedwin@stephenson.com,Software Engineer,Sales,42,80604,South Tammy
638,Russell Ortega,kellyfoster@patrick.net,Data Scientist,Sales,51,133051,North Kathleen
639,Chad Moore,robertwalters@coleman.org,Software Engineer,Product,47,139313,Bensonfort
640,Eileen Taylor,gboyd@huerta.com,Sales Executive,IT,60,149588,Kristinastad
641,Nathan Fields,gomezveronica@smith.net,Sales Executive,HR,22,140674,North Christinemouth
642,Jennifer Taylor,madams@leonard-colon.com,Sales Executive,IT,25,97580,South Susanland
643,Angela Boyle,jamesfletcher@james-wright.com,Product Manager,HR,37,76772,Marshallbury
644,James Russell,miguel82@holden.com,Software Engineer,Analytics,31,61801,Kevinmouth
645,Cameron Dean,karenedwards@mooney.biz,HR Manager,Sales,58,47262,Paynemouth
646,Jose Curry,johnsonbrian@murphy.com,Sales Executive,Sales,48,132946,Lake Robert
647,Kelly Jenkins,jeffery44@taylor.com,Sales Executive,IT,22,136344,New Ericfurt
648,Richard Williams MD,wendy03@avery.com,Software Engineer,Analytics,23,142637,Simmonsstad
649,Gabrielle Dixon,davismartin@houston.com,HR Manager,Sales,60,142277,Carolynside
650,Linda Rios,cassandra58@wilson-thompson.biz,Software Engineer,IT,48,67933,Austinton
651,Jessica Morris,jjames@edwards.biz,Data Scientist,HR,48,62900,Tracibury
652,Jennifer Martinez,hodgeslauren@maxwell.com,Product Manager,Sales,30,97451,South Javiermouth
653,Teresa Potter,xross@king.info,Software Engineer,Sales,26,119090,Patriciamouth
654,Scott Hendricks,gallagherzachary@jones-scott.com,Sales Executive,HR,56,82277,Thomasburgh
655,Phillip Carr,adamjohnson@reynolds.com,Data Scientist,IT,38,57693,New Matthewfurt
656,Edward Robinson,amendez@pacheco.net,Software Engineer,Product,45,96824,Port Annebury
657,James Ford,matthewcunningham@vaughn.com,Software Engineer,IT,33,148265,Jamesfort
658,Tracy Barajas,keith19@russell.com,Software Engineer,Sales,38,133598,Taylorbury
659,Michael Long,markroberts@farley.com,Product Manager,HR,47,45138,New Caroline
660,Tiffany Lucas,mary57@campbell.com,Data Scientist,HR,29,127358,Victormouth
661,Natalie Graham,blynch@liu-wilkins.biz,Product Manager,Analytics,59,116095,Rogersside
662,Adrienne Rogers,brandyjames@mueller.com,HR Manager,HR,23,36544,Sherrimouth
663,Cody Torres,millerrichard@davis-hutchinson.net,Data Scientist,Product,53,43135,Port Cynthia
664,Thomas Jackson,foleypaul@martinez-gutierrez.info,Data Scientist,IT,34,139112,South Jeffreytown
665,Adam Gonzalez,pgonzalez@kramer.com,Sales Executive,Analytics,33,114012,Watsonburgh
666,Erin Berg,amartin@ramirez.com,HR Manager,Product,23,137407,Mooreport
667,Jacqueline Arias,john62@miller.com,Software Engineer,Product,47,82465,Wuland
668,Kimberly Munoz,arianakaiser@kelley.com,HR Manager,Analytics,23,30645,North Patricia
669,Darin Mueller,james74@smith.com,Software Engineer,Sales,45,132808,Davenportshire
670,Robert Lee,howekellie@greene.org,Product Manager,Analytics,23,111181,West Thomasstad
671,Cheryl Morris,amyclayton@johnson.biz,Product Manager,HR,33,109846,Melaniechester
672,Larry White,xbarajas@wilson-flores.com,HR Manager,Sales,22,43041,East Angelica
673,Michael Bowers,laurenvaughn@greene.org,Sales Executive,Product,33,80959,Gillespieburgh
674,Teresa Gibbs,oashley@williams.com,Product Manager,HR,52,135265,Troyshire
675,Kyle Byrd,allenkelly@barnes-fuller.com,HR Manager,Product,47,55323,East Laurie
676,Michael Arnold,lindathomas@harris-jones.com,HR Manager,IT,53,137588,Port Ericburgh
677,Brian Morales,amyferguson@ruiz.biz,HR Manager,Product,33,131376,Dylanside
678,Erika Porter,morrisnicole@carlson.com,Sales Executive,Product,49,86341,Port Regina
679,Logan Williams,nathaniel07@schroeder-harris.biz,Sales Executive,Sales,43,146083,East Sabrina
680,Michael Chandler,wallchristine@hoffman-fox.com,HR Manager,Product,52,113780,Juliafurt
681,Kevin Holmes,brandonrogers@brown.com,Data Scientist,Analytics,47,141552,Bobbyshire
682,Juan Finley,robinsondylan@wheeler.info,Sales Executive,IT,48,112085,Morrisside
683,Dustin Miller,michelle75@morgan.com,Product Manager,HR,30,138888,New Ethan
684,Robert Bennett,youngtimothy@nguyen-mahoney.com,Data Scientist,IT,35,97041,Thomasland
685,Sarah Collier,nsanders@clark-robinson.com,HR Manager,Product,46,42502,Davisborough
686,Lisa Cook,twillis@cline-martin.com,Software Engineer,Sales,48,123609,Greershire
687,Gloria Patel,jyates@smith.net,Sales Executive,Sales,32,41737,Mcbridemouth
688,Patricia Gonzalez,ygordon@miller.info,HR Manager,Analytics,56,89103,Robinsonview
689,Deanna Pugh,jessica04@daniels-lynch.com,Sales Executive,Product,59,130553,Matthewhaven
690,Laura Wilkerson,jarmstrong@wiggins.net,Data Scientist,Analytics,50,122428,West Lance
691,Michael House,obrown@rivas.com,Data Scientist,Sales,37,137014,East Melissa
692,Thomas Johnson,lisa19@chavez.com,HR Manager,Product,22,101442,Port Dawn
693,April Ellis,mwatson@garcia.com,Software Engineer,Sales,28,139308,Kennethmouth
694,Kenneth Lopez,amanda52@burke.net,Product Manager,Product,52,111429,Laurafort
695,Patricia Bartlett,wendybaldwin@mathews.net,Product Manager,Sales,58,63450,Lindaport
696,Clayton Osborn,julie29@williams-garcia.net,Data Scientist,Product,52,142818,Port Melissaville
697,Susan Martin,nelsondavid@brewer-anderson.com,Data Scientist,HR,56,109835,Lake Moniqueland
698,Jeremiah Robles,petercohen@robles-anderson.com,Product Manager,Product,36,87933,Burnettshire
699,Scott Cooper,cynthiawise@nelson-riley.com,Product Manager,IT,30,88596,Changside
700,Suzanne Morrison,kellibeltran@jones.com,Sales Executive,Product,26,133678,Andreamouth
701,Joseph Tran,daniellelopez@harris.com,HR Manager,HR,42,35714,Port Dennischester
702,Keith Ferrell,hjimenez@jones.biz,HR Manager,HR,56,103017,Judyview
703,Lauren Butler,cdavis@kramer-mathis.org,Product Manager,Sales,47,36617,Bettyberg
704,Amy Oliver,jenniferpage@baker.info,Product Manager,HR,59,136861,East Johnmouth
705,Scott Carlson,brittanyreed@stewart.info,Product Manager,HR,44,72136,North Daniel
706,Gabriella Snyder,torresshelby@malone-horn.com,Software Engineer,HR,30,132982,Hardyfort
707,Lauren Smith,zadams@lamb-cole.com,Software Engineer,Sales,24,31961,Halefort
708,Kristin Wagner,breannagonzalez@ward.com,HR Manager,IT,29,148537,Karenport
709,Jacob Sparks,kelly13@harris.com,Product Manager,Analytics,45,57777,Bradtown
710,Robin Cochran,justinward@pearson.com,Software Engineer,Sales,26,112836,West Davidburgh
711,Zachary Roman,eking@fox.com,Data Scientist,Product,31,118385,Valentineview
712,Michael Bates,lesterwanda@dickerson-mason.com,HR Manager,Product,53,48693,Stewartberg
713,Michael Davis,sara35@hartman-adams.biz,Product Manager,Analytics,40,62894,Lake Erin
714,Tracey Ellis,robin60@montgomery.com,Sales Executive,HR,47,95618,East Franciscoport
715,Alyssa Jones,gsims@hoffman-green.org,Data Scientist,Sales,54,130031,Williamberg
716,Sarah Morris,brianmitchell@grant-mills.org,Software Engineer,IT,55,111603,East Christinaton
717,Paul Scott,amcgrath@lee.com,Product Manager,Sales,26,87362,New Jenniferburgh
718,Sierra Thomas,travislane@donaldson-summers.org,Sales Executive,IT,24,104308,New Keith
719,Logan Kirby,halljimmy@white.com,Software Engineer,Product,40,136393,Lake Cynthia
720,Jerry Kent,tcarlson@carrillo.com,Sales Executive,Sales,30,112156,North Amandaview
721,Maurice Lambert,mhunter@johnson-baker.org,Sales Executive,Analytics,42,111198,Christopherchester
722,Lori Garcia,qalexander@perkins.com,Sales Executive,Product,24,90216,Benjaminview
723,Tanner Burton,millertracy@thomas.com,Data Scientist,Analytics,25,126616,Garciaview
724,Charles Peters,qjohnson@christian.net,Data Scientist,Analytics,45,68126,Smithmouth
725,Michael Chavez,adam71@myers.com,Data Scientist,IT,22,73195,Halebury
726,Kayla Savage,kevinbrennan@ramsey.com,Sales Executive,Analytics,24,114477,Heatherfort
727,Corey Edwards,owenschelsea@wheeler.com,HR Manager,Sales,54,57078,Barnettmouth
728,Renee Clarke,lawrencemitchell@ayala-greene.net,Software Engineer,HR,24,104018,South Jillhaven
729,Nicholas Cox,bowencody@butler.biz,Software Engineer,Analytics,24,148883,Cindyborough
730,Christine Anderson,pblair@austin-little.biz,HR Manager,IT,38,44274,East Jennifer
731,Laura Cox,kmays@bentley.com,HR Manager,HR,24,147098,South Erik
732,Heather Gross,robertdavis@costa.biz,HR Manager,Analytics,56,74188,Angelashire
733,Jason Hanson,julie53@mercer.com,Software Engineer,Product,49,75746,South Alexander
734,Kelly Vargas,robertsmanuel@king.com,Software Engineer,Product,51,31818,South Haley
735,Rebecca Roth,lterrell@walker-moore.biz,Product Manager,Analytics,31,51993,East Rachaelchester
736,Stacey Mcdowell,ebrown@coleman.com,HR Manager,IT,58,103683,South Brittanyburgh
737,Christopher Nichols,omarroberts@moreno-hobbs.net,Product Manager,Analytics,56,115639,South Debbie
738,Suzanne Wright,apitts@bauer.com,Software Engineer,IT,35,149921,Myersville
739,Tina Dudley,floydkyle@johnson-jackson.com,Sales Executive,IT,49,85768,Stevensonfort
740,James Marquez,aaron01@combs.info,Product Manager,Sales,27,77655,Carlsonburgh
741,Robert Thompson,hnguyen@price.biz,Sales Executive,Analytics,27,63464,East Amandaville
742,Jeffrey Griffin,fostertheresa@sweeney-stevens.biz,HR Manager,Product,33,53805,North Jason
743,Joe Gonzalez,tamaraanderson@rice-bryant.com,Data Scientist,Analytics,25,83141,Brownmouth
744,Tina Nelson,grodriguez@lee.com,Software Engineer,Sales,33,122001,Theresaview
745,Ryan Davis,christopherfisher@walker.com,HR Manager,Sales,29,140472,Alanton
746,Jamie Alexander,dawn88@hatfield-clements.com,Data Scientist,Analytics,58,75049,Atkinsborough
747,Daniel Smith,chenmicheal@grant.com,HR Manager,Sales,39,94585,Brandontown
748,Valerie Arnold,gwagner@reyes.biz,Sales Executive,HR,37,122966,Garyshire
749,Francisco Boyle,frogers@anderson.net,Product Manager,Analytics,35,112444,Gonzalesstad
750,Mrs. Jennifer Williams,gabrielledixon@mcbride-martin.com,HR Manager,Product,46,69808,East Evan
751,Nicole Bird,alandavila@campbell.com,Product Manager,IT,44,131447,New Christopher
752,Bethany Campbell,lorifitzgerald@malone.com,Data Scientist,IT,24,105253,North Bradleybury
753,Blake Weaver,juanjohnston@richardson.com,Sales Executive,Sales,57,57569,West Craighaven
754,Justin Davis,freypamela@gallegos.org,Product Manager,Product,41,123494,North Kristina
755,Jennifer Riddle,grantdorothy@marquez.net,HR Manager,Analytics,50,45451,Walkerberg
756,Joshua Moore,gescobar@martin.com,HR Manager,Analytics,51,125786,South Jeremyside
757,Shelby Humphrey,barrymartin@byrd.com,Software Engineer,Sales,22,30305,Danielview
758,Jessica Thompson,rjenkins@simmons-tran.com,HR Manager,Product,23,139477,Rodriguezborough
759,Molly Butler,bellsharon@cross.com,Software Engineer,IT,27,99526,Hallbury
760,Gabriel Cooke,samuelspencer@alexander.com,HR Manager,IT,26,47406,North Rodneyfurt
761,Carrie Pacheco,qhuff@pearson-stone.net,Product Manager,IT,28,76115,New Samuel
762,Michael Lang,nicole37@jackson.com,Product Manager,Analytics,26,70265,East Kimberlyton
763,Melissa Peterson,holly07@carter-mccarty.info,Data Scientist,Product,31,123113,Chasebury
764,Elizabeth Lee,larryli@reed-avila.com,Sales Executive,HR,28,35488,Harrisbury
765,Vernon Salinas,anthonywood@wells.com,Product Manager,Product,38,36326,Lake Noah
766,Kevin Harrison,scottjuan@nguyen.com,Sales Executive,HR,27,129980,Davistown
767,Colin Smith,awilliams@manning.com,Sales Executive,Sales,35,81158,Alvareztown
768,Stephen Moss,tonycarson@padilla.net,Product Manager,HR,36,148344,Port Amychester
769,Kristine Atkinson,brownjoshua@wallace.com,Product Manager,Analytics,48,61145,Lake Gregoryberg
770,Maria Richards,osmith@pena-matthews.biz,Data Scientist,Sales,39,127496,New Jefferyshire
771,Jeff Smith,tdavis@buckley.org,HR Manager,Analytics,51,144237,Port Jonathanchester
772,Jennifer Adams,james91@sullivan.com,HR Manager,HR,27,110700,Leeville
773,Monica Hamilton,nbarton@sanford-ballard.com,Data Scientist,Product,25,85901,Zacharyland
774,Joseph Rasmussen,nfloyd@gutierrez.com,Product Manager,HR,27,81669,Alyssamouth
775,Lisa Reid,roymadden@ross.com,Sales Executive,Analytics,43,128525,West Alex
776,Jeffrey Anderson DVM,kathyrowe@evans.com,HR Manager,HR,55,47027,East Stacey
777,Terry Edwards,dawn48@johnson.com,Software Engineer,Product,32,124693,Taraborough
778,Robert Barrett,rosalesalicia@peters.com,Product Manager,Sales,52,113315,Brittanytown
779,Kendra King,kimberlyhenry@west.com,Software Engineer,Product,26,141491,Blakeland
780,Ryan Washington,tmathis@freeman-walters.info,Product Manager,Analytics,50,113811,New Danielhaven
781,Charles Spencer,rodriguezmike@whitehead.info,Software Engineer,IT,60,132471,Robinville
782,Patricia Boyer,montgomeryteresa@oconnor-harrison.com,Product Manager,Sales,52,74012,Port Michael
783,John Oneill,tinabenitez@baker-graves.com,Product Manager,IT,26,51031,Davidville
784,Mr. Patrick Dalton MD,clucas@long.com,Software Engineer,Sales,34,46349,Wilsonmouth
785,Evan Reyes,travisgriffin@macdonald.com,Product Manager,HR,25,54584,East Stanleychester
786,Michele Bates,ebraun@morrison.com,Product Manager,HR,22,120009,East Katherinehaven
787,Melanie Weaver,richardsrobert@jarvis.com,Data Scientist,IT,31,55113,East Ricardochester
788,Theresa Gonzalez,mcole@barry-clark.com,Product Manager,Analytics,29,113516,New Jason
789,Tina Carrillo,walkeredgar@hurst.com,HR Manager,Product,59,111211,Garzaland
790,Bruce Thompson,oodonnell@hatfield.com,Sales Executive,IT,46,141441,North Tyler
791,Jason Hale,sotobrian@rodriguez.biz,HR Manager,Sales,28,143019,North Christopher
792,Jeffrey Craig,gsmith@clark-roman.com,HR Manager,IT,28,45277,New Jamesfort
793,John Nguyen,sabrinatapia@jacobs.com,HR Manager,IT,37,60723,Wilsonshire
794,Natasha Cochran,zarnold@goodwin-hendricks.info,Data Scientist,HR,26,101366,Port Dustinport
795,Jocelyn Sullivan,rgraham@jones.info,Data Scientist,HR,37,121396,South Terrichester
796,Lori Evans,kclark@acosta-anderson.biz,Product Manager,IT,27,68974,New Andrewville
797,Carol Martinez,rodgersjamie@murphy-johnson.com,Product Manager,HR,36,146159,Phillipsburgh
798,Brian Green,lindsay74@bass.com,HR Manager,Analytics,37,140324,West Christineside
799,Edward Scott,julia24@small.net,Software Engineer,Sales,50,125958,Jonesbury
800,Marilyn Barnett,sarah90@houston-baker.com,Software Engineer,HR,39,65022,Lake Johnshire
801,Joseph Carr,xalexander@castro.com,Data Scientist,Product,30,68626,North Juliemouth
802,Jay Rodgers,scottelizabeth@mcgee.com,Software Engineer,Sales,42,102685,Tammyberg
803,Mr. Micheal Sparks DVM,brian50@ford-allen.org,Product Manager,Analytics,39,134517,Paceville
804,Mary Scott,dunnnicole@mckinney.net,Software Engineer,Sales,31,67618,Lake Michael
805,Tiffany Lee,smithamy@fowler-jones.com,HR Manager,Product,36,97405,Lake Deanton
806,Linda Andrade,victor47@kent.com,Data Scientist,Analytics,53,92510,Welchshire
807,Joseph Huber,nbartlett@scott.com,Data Scientist,Sales,56,59946,Michaelside
808,Paul Tanner,shelly64@owens.com,Data Scientist,IT,50,142374,Kimberlyfurt
809,Melissa Cook,jenniferdunn@martinez-francis.com,Data Scientist,Analytics,45,116482,Lancefort
810,Kelsey Vasquez,anthony15@green.info,Software Engineer,Product,54,99372,Stevenside
811,Jacob Conway,gonzalezrobert@gomez.com,Sales Executive,Analytics,32,71404,Monroeborough
812,Jeffrey Lopez,jesse19@evans.com,Software Engineer,Product,44,115965,Juarezberg
813,Joseph Smith,watkinssusan@young-williams.biz,Sales Executive,HR,54,47720,Duartemouth
814,Derrick Padilla,davidcoffey@anderson.biz,Software Engineer,Analytics,55,79981,Schmittport
815,Richard Yates,tayloraaron@rivera.net,Software Engineer,IT,50,85656,East Matthew
816,Michael Williams,wadesusan@holder.com,Sales Executive,Analytics,55,66520,South Jamesside
817,Taylor Perez,carla15@gonzalez-keller.com,Data Scientist,Analytics,54,102181,West Garrettberg
818,Cory Scott,cheryl12@welch-cowan.com,Product Manager,Sales,26,83960,East Michael
819,Ellen Moore,jonathan19@perry.biz,Data Scientist,Analytics,55,121193,Ramirezport
820,Vanessa Becker,victoria91@wood.info,Data Scientist,Analytics,45,110289,Arroyohaven
821,Joshua Miller,ftaylor@rogers.com,HR Manager,IT,56,114268,Merrittville
822,Margaret Todd,katie09@jones-kelly.com,Data Scientist,HR,27,56335,Martinezstad
823,Valerie Massey,williambrown@baldwin.com,Data Scientist,IT,50,61371,Timothymouth
824,Christopher Roberts,amberfranco@lopez.com,HR Manager,Product,29,116014,Port Michellebury
825,Joseph Wilkinson,thomasalvarez@lawrence.com,Sales Executive,HR,35,135795,Matthewhaven
826,Anthony Taylor,mschmidt@alvarado.com,Product Manager,Product,28,69279,Braunside
827,Bryan Dennis,tyler72@hodges.biz,Sales Executive,Sales,40,124726,Valerieside
828,Charlotte Gutierrez,lamdeanna@green.com,Sales Executive,IT,58,52160,Woodardton
829,Carol Schaefer,williamyoder@austin.com,HR Manager,Sales,29,99357,Port Carrieview
830,Lisa Frye,justin79@williams-smith.info,Product Manager,HR,35,79106,West Elizabeth
831,Scott Velez,jacob51@alvarez-mata.com,Sales Executive,IT,23,74017,Lake Joshuastad
832,Danny Huynh,jocelyn49@weber.com,Data Scientist,IT,54,55499,Jesusberg
833,Luke Harmon,zmclaughlin@robertson.com,Software Engineer,Sales,60,42330,Lake Haley
834,Jenna Hernandez,michael93@griffin.com,Data Scientist,HR,34,127540,Martinezstad
835,David Bradshaw,nlewis@bell-nelson.info,Data Scientist,Sales,39,76788,Ronaldbury
836,Randy Frank,camposkyle@sherman.net,Product Manager,Product,30,107589,Anthonyton
837,Tina Patton,burgesssean@grant-perez.com,Software Engineer,HR,60,82557,South Ronald
838,Kevin Morris,robert90@brown.com,Data Scientist,Sales,29,87337,Port Johnburgh
839,Carl Henderson,jackiemorris@moore-long.biz,Product Manager,Analytics,39,111438,East Paige
840,Nancy Everett,linda09@fitzgerald.biz,Data Scientist,Sales,56,64493,Jilltown
841,Melissa Scott,michaelvalenzuela@cordova-nguyen.com,Software Engineer,Analytics,31,113213,Wagnertown
842,Betty Pham,shannonwilliams@reyes-hernandez.com,Product Manager,Sales,22,58193,West Scott
843,Kathleen Henson,ryan38@king.com,Data Scientist,IT,48,99146,Markborough
844,Mary Howell,craigbrown@kennedy.biz,Sales Executive,HR,27,56863,Mcdowellburgh
845,Debra Brooks,boylescott@evans.biz,Product Manager,IT,41,69471,Port Jessicafurt
846,Jennifer Snyder,charles73@adams-hicks.org,Software Engineer,Analytics,36,115632,Lake Evan
847,Taylor Douglas,morrisonjoseph@johnson-stanton.biz,Software Engineer,Analytics,42,114381,Mendeztown
848,Alexander Smith,salazarthomas@strong-rowland.net,Sales Executive,Analytics,46,61903,Terryland
849,Melanie Dickerson,ashleyday@aguirre.net,Product Manager,Sales,24,92944,South George
850,Carla Miller,vadams@martin.com,Product Manager,Product,30,69989,North Donnaberg
851,Heather Boyd,justin29@jackson-lin.biz,Software Engineer,Analytics,58,102103,Port Crystalchester
852,Sheri Hughes,reyesomar@bennett.com,Software Engineer,Sales,52,100327,Danielsberg
853,Brittany Sherman,vblackwell@harrington.com,Data Scientist,Sales,53,89872,Perezchester
854,Tyler Hicks,youngkaren@rhodes-rice.com,Sales Executive,HR,22,57115,West Douglasstad
855,Rodney Mckinney,christinabrown@hughes.com,Product Manager,IT,39,143439,West Sarahfurt
856,Ricky Fischer,weissrobin@long.com,Product Manager,HR,58,68942,Marquezfort
857,Holly Clark,gmitchell@landry.com,Product Manager,Sales,57,142896,New Hollyview
858,Stephen Hardin,psanchez@hobbs-best.info,Sales Executive,HR,57,59125,Port Lauraview
859,Rebecca Sanchez,samuel34@russell-herrera.com,HR Manager,HR,32,122383,New Troy
860,Lindsey Edwards,thomas10@miller-burton.com,Data Scientist,Analytics,57,73314,Gonzalezfort
861,Emily Fernandez,dustinthompson@paul.com,HR Manager,Analytics,28,59407,Port Amytown
862,John Patrick,mooreerica@thompson.net,Software Engineer,Product,36,56470,Nicoleport
863,Willie Ross,wmartinez@phillips.com,Sales Executive,IT,23,126431,West Kathleenbury
864,Christopher Green,frice@jackson.com,HR Manager,IT,59,118622,Rogersburgh
865,Jennifer Brown,michelle72@pearson.com,Data Scientist,Analytics,35,64616,Jessicachester
866,Mary Fry,mckayjustin@valdez-mason.net,Product Manager,IT,28,50262,New Jill
867,Dawn Ashley,nathaniel96@bowman.com,Sales Executive,Sales,36,56896,Tammymouth
868,Charlotte Leonard,michellegarcia@mays.org,Product Manager,HR,24,126682,Ambermouth
869,Steve Butler,sarahjones@bryan.com,Software Engineer,IT,57,33127,Bradleytown
870,Michael Baker,silvaandrea@christensen.org,Data Scientist,Analytics,41,135475,Port David
871,Juan Chavez,katiecarter@knight.com,HR Manager,HR,42,54839,West Tammy
872,Heather Harris,jacob58@michael-tran.biz,HR Manager,IT,54,36227,Lake Jesseside
873,Richard Griffin,ttodd@jackson.com,Sales Executive,Analytics,27,134079,Pamelafurt
874,Laurie Abbott,briannahodge@hamilton-johnston.com,Data Scientist,Product,39,43272,Rhodesmouth
875,Isabella Kent,joseph44@lindsey.biz,Software Engineer,Sales,36,98187,Tonyshire
876,Joseph Aguilar,brianadams@christian.com,Data Scientist,IT,25,34001,Jacquelinefort
877,Janet Williams,andersonjohn@gonzales-morse.net,Software Engineer,Sales,43,142474,Careytown
878,Vanessa Wright,jennycruz@christensen-bailey.com,Software Engineer,Sales,24,94688,East Danielle
879,Donna Jackson,gonzalezshannon@carroll.info,Software Engineer,HR,53,34468,West Paul
880,Brian Berry,tyler04@green.com,HR Manager,Product,52,61081,Christianview
881,Alejandro Chambers,bruce10@snow.com,Product Manager,Product,24,35200,Robinsonland
882,Albert Rogers,sabrinamills@brown-rose.com,Sales Executive,HR,29,63733,West Amy
883,Richard Crawford,destinyfuller@dean-reynolds.com,HR Manager,Product,25,92345,New Jennifer
884,Jennifer Jordan,cameron66@perkins-pittman.info,Product Manager,IT,45,51123,Rodrigueztown
885,David Friedman,laurendavis@evans-jones.com,Product Manager,Product,29,101503,Lake Suzanneborough
886,Levi Brown,vanessa19@boone.biz,Data Scientist,Sales,27,110196,Fernandezside
887,Kathleen Thomas,sandra22@sweeney.org,HR Manager,Sales,29,119004,East James
888,Susan Cook,gcruz@hunt.net,HR Manager,IT,41,111943,Lake Trevor
889,Kristine West,walkerscott@brown.com,Sales Executive,IT,53,57602,Jamesport
890,Daniel Mckee,christopherhernandez@williams.net,Sales Executive,Product,32,89483,Jacquelineberg
891,Michael Martinez,preston18@sheppard-lopez.biz,HR Manager,Product,36,67215,Caldwellmouth
892,Kelly Green,irichardson@massey-hernandez.com,HR Manager,IT,39,110966,South Elizabeth
893,Jennifer Smith,james67@king.com,Software Engineer,HR,42,86239,Richardfurt
894,Laura Lee,jeremiahwalton@ruiz.info,Product Manager,Sales,28,91219,New Jamesburgh
895,Rhonda Sandoval,joshuacoleman@evans.com,Sales Executive,Sales,52,147550,Bairdburgh
896,Stacey Richards,joshuaadams@murray.com,Sales Executive,Analytics,41,102176,New Jason
897,Jacob Bautista,stephensandoval@tucker-wagner.com,Software Engineer,HR,44,84261,South Melanie
898,Charles Harrington,hray@murphy-osborne.com,Sales Executive,Sales,55,41067,South Jonathanborough
899,Ms. Sara Brandt DDS,alexandersherri@hudson-mullen.net,Data Scientist,Sales,38,86171,Bergborough
900,Cassandra Graham,anthony86@fuentes-evans.com,Sales Executive,Analytics,48,86389,New Tinamouth
901,Catherine Johnston,ywilkins@dixon.com,Software Engineer,Analytics,49,83574,New Melissa
902,Ann Bailey,sstark@white.info,Sales Executive,IT,23,60982,Mariaton
903,Stephanie Sanchez,randytorres@cunningham.com,Product Manager,Sales,23,80776,Lake Glendachester
904,Melissa Branch,ysanchez@reynolds.org,Software Engineer,Product,49,67760,New Brandifort
905,Marcus Campbell,elewis@brown-parsons.net,HR Manager,Sales,57,133234,Andrewtown
906,Melanie Boyle,nicole58@bender.net,HR Manager,HR,41,32828,Port Brent
907,Brett Torres,valerieholt@carroll-baldwin.com,Sales Executive,HR,25,145896,West Karen
908,Theresa Barton,josephthompson@sherman.com,Sales Executive,IT,56,62132,Kimberlyfort
909,Christopher Anderson MD,lwong@brown.com,Data Scientist,Analytics,55,147225,Moraleschester
910,Adam Brown,robertstewart@horton.com,Data Scientist,HR,47,132788,South Johntown
911,Carmen Johnson,alexandertucker@walters.biz,Software Engineer,Analytics,45,87613,South Melindaton
912,Yolanda Bolton,ptodd@mitchell.com,Data Scientist,Sales,57,73669,South Peter
913,Darryl Rodgers,joyce87@knox-simpson.net,Product Manager,Product,40,148228,Lake Jamesberg
914,Roger Roberson,moorerandy@acosta-jackson.com,HR Manager,HR,53,127721,Oliverview
915,Stephen Taylor,jameschandler@meza-jones.com,HR Manager,IT,50,134297,North Pennymouth
916,Melinda Glover,mathisbrandon@harris.com,Software Engineer,HR,33,40026,Bradleychester
917,Tammy Bryant,belljeremy@oconnell.info,HR Manager,IT,59,74388,South Grace
918,Elizabeth Stewart,richardheath@miller.info,Sales Executive,Analytics,57,127897,Melindabury
919,Christian Anderson,carterclinton@greene.com,HR Manager,Sales,50,50409,Terrancemouth
920,Gregory Lawson,peggylopez@ponce.com,Product Manager,IT,42,99527,South Lindsayville
921,Wendy Davis,awilson@morse.com,Sales Executive,Sales,31,34253,Port Patricia
922,Angela Farmer,smithsonya@adams.org,Sales Executive,Analytics,49,104635,South Melissa
923,Richard Johnson,bryanmitchell@tran.com,Sales Executive,Sales,31,83008,Bellside
924,Elizabeth Johnson,ntucker@miller.net,HR Manager,Sales,49,134789,South Tylershire
925,Mr. Michael Hodges,ryancain@gutierrez.biz,Product Manager,IT,23,34164,East Carlamouth
926,Megan Moore,kellyharris@long.info,Sales Executive,Product,30,95507,Ricefurt
927,Robert Phillips,samanthacantrell@james.com,Product Manager,Sales,60,55373,West Georgeborough
928,Monica Ruiz,cherylfrazier@holland.org,Sales Executive,IT,36,74321,Branchview
929,Gerald Lindsey,edwardstanley@solis-bass.org,Product Manager,HR,47,34834,Bethbury
930,Eric Edwards,sherry29@brown-williams.com,HR Manager,IT,39,109091,Port Ashley
931,Beverly Harris,davisedward@henderson.com,Product Manager,Analytics,56,30666,North Marilynborough
932,William Baker PhD,wramos@rose-meyer.com,Product Manager,Analytics,29,91652,North Jameston
933,Tracy Lucas,fullerblake@taylor.com,HR Manager,Product,28,64254,New Danielle
934,Denise Taylor,ijohnson@anderson.com,Software Engineer,Product,54,80041,Tylerfurt
935,Timothy Johnson,brian13@nguyen.com,HR Manager,IT,40,100289,East Nancyfurt
936,Morgan James,taylorgross@bean.com,Software Engineer,Product,35,113594,East Mark
937,Charlene Young,malexander@smith-montoya.com,Software Engineer,Sales,24,140434,East Marcus
938,Christopher Evans,aaronrodriguez@brown.com,Software Engineer,Product,31,47352,East Luis
939,Todd Becker,stephen11@thompson-ayala.info,Data Scientist,Product,42,126521,North Sarahville
940,Joseph Spencer,jason75@landry.biz,Product Manager,IT,34,71550,Sanderston
941,Joshua Williams,ydunn@king-snyder.com,Product Manager,Analytics,29,132043,Karenburgh
942,Karen Hughes,trice@vega.com,Sales Executive,HR,49,116043,Lake Margaret
943,Angel Mcclain,xoliver@thompson-wade.org,Data Scientist,Product,51,106046,Riceberg
944,Peter Boyer,christinajohnson@melton.com,HR Manager,IT,25,85893,Jessehaven
945,Cody Gross,sarahmiller@jenkins-jones.com,Software Engineer,HR,54,54250,Michaelfort
946,Bruce Bush,hgonzalez@bell-burns.com,Product Manager,IT,41,124390,West Jessicaton
947,Meghan Willis,bob84@murray.info,Product Manager,IT,44,121882,Tylerfort
948,William Oconnell,moraspencer@ramirez-proctor.info,Sales Executive,Sales,37,98260,Lake Danielle
949,Jeffrey Fry,carloswhite@gray.com,Product Manager,HR,28,93436,West Tarahaven
950,Craig Little,rogersgary@miller-johnson.info,Sales Executive,HR,54,149463,Hobbsberg
951,Corey Dixon,opollard@peters.biz,HR Manager,Product,26,72339,Timothyberg
952,Jeffrey Bentley,angela28@stevenson-hale.com,Product Manager,IT,59,142586,Brownhaven
953,Andrew Walker,brittneykaiser@navarro.info,Software Engineer,Sales,43,59968,Port Roberta
954,Tammy Schneider,selena29@cooper-nguyen.com,Data Scientist,HR,55,39561,Juliaside
955,Erin Riley,ricardo38@estes.com,Sales Executive,Sales,23,68581,West Jefferyville
956,Daniel Sellers,nancy83@russell.info,Product Manager,Product,52,146586,Oliviaport
957,Samantha Miller,anthony27@garza.com,Product Manager,IT,28,62000,Lake Sarahbury
958,Maria Foster DDS,rachelirwin@miller.com,HR Manager,Product,33,92264,Lake Scottville
959,Traci Woods,ashley35@perry.com,Product Manager,Sales,43,114227,New Jenniferberg
960,James Wilson,edward33@scott.com,Software Engineer,Analytics,34,62019,New Jennifer
961,Annette Martinez,ashley60@lopez-newton.com,Software Engineer,Sales,46,103982,Port Sarah
962,David Delgado,adam63@schmidt-arnold.info,HR Manager,Product,47,104069,East Anthonyside
963,Angela Morales,flynnamy@cantu.info,Data Scientist,IT,28,114990,New Steven
964,Lauren Rodriguez,kelly76@knapp.com,Product Manager,IT,49,140985,New Danielle
965,Jennifer Ford,seanbenjamin@wu.org,Product Manager,IT,39,71415,Scottside
966,Caitlin Pierce,barajascynthia@kim-morton.biz,Sales Executive,Analytics,39,79023,Morganchester
967,Michael King,sara75@vaughn.info,Product Manager,Analytics,25,132692,Hopkinsshire
968,Marcus Kelly,brownmelissa@lee-durham.com,Product Manager,Analytics,52,122894,Port Richardton
969,Laura Hoover,randolphdominic@mills.com,Data Scientist,Analytics,38,57073,Smithside
970,Justin Ward,rangelsara@christensen.net,Software Engineer,Product,40,68159,Lake Vernon
971,Brianna Williams,tony73@brown-schwartz.biz,HR Manager,Product,32,89582,Mauriceville
972,James Dunlap,vhartman@roth-smith.org,HR Manager,Analytics,53,125759,Ryanhaven
973,Jeffrey Crawford,smithkimberly@cox.com,Data Scientist,Product,59,127150,Jasonstad
974,Jennifer Carter,elizabethturner@johnson.com,Data Scientist,Product,43,72854,Leahtown
975,Patricia Warren,bonillajonathan@taylor.com,Software Engineer,Analytics,23,31470,New Daniel
976,Patricia Mayer,daniel36@morse.info,Software Engineer,IT,59,67359,Ronaldhaven
977,Allison Bowen,matthewsjames@mcintyre.com,Product Manager,Product,59,54218,Lake Michael
978,William Quinn,brandonarellano@whitney.net,Sales Executive,HR,59,106097,South Molly
979,Aaron Boyer,nosborne@mora.com,Software Engineer,Analytics,30,78350,West Dennis
980,Sara Jones,browndavid@flores.info,HR Manager,Product,39,79051,Port Benjaminfurt
981,Sheila Thomas,emilyhoffman@johnson-rice.com,Sales Executive,IT,50,97932,New John
982,Karen Dennis,amyjones@harris-cook.com,Product Manager,Product,25,44419,Fordport
983,Matthew Farley,joshuacole@gonzalez.com,Sales Executive,Analytics,39,53232,South Christinaborough
984,Curtis Ramos,jodymccullough@tran-nguyen.com,Product Manager,Analytics,38,123561,East Jefferyfurt
985,John Stewart,hernandezheather@cooper.com,Software Engineer,Sales,51,93739,East Jonathanfort
986,Joshua Taylor,bakerjeffrey@avila.com,Product Manager,Sales,55,58184,South Jacquelinemouth
987,Steven Wood,ldavis@wilson.com,Sales Executive,IT,46,82566,West Albertside
988,Brooke Solis,jodievans@watts.com,HR Manager,HR,24,127389,Lake Kimberly
989,Melinda Tanner,bgibson@mcdonald.biz,HR Manager,Sales,55,66805,East Rebecca
990,Lisa Oneill,ethancampbell@white.info,Software Engineer,Analytics,39,133107,Emilymouth
991,Ashley Diaz,carolyn10@myers.com,Software Engineer,Sales,24,83770,South Anne
992,Dr. Ariana Goodwin MD,sarahwilson@shah.com,Sales Executive,IT,47,123119,South Stephen
993,Kimberly Kerr,brenda99@lopez.net,HR Manager,HR,32,119139,Barnettfurt
994,Judith Melton,wardsydney@clark-diaz.com,Product Manager,Product,52,30573,Brandyberg
995,Zachary Martinez,hatfielderic@richard.com,Data Scientist,Product,41,138219,Hansenside
996,Holly White,matthew66@marshall-morgan.biz,HR Manager,Sales,42,131847,Greentown
997,Gabrielle Palmer,robertjones@gray-wilson.com,Sales Executive,Product,39,53172,Robertstad
998,Steven Hill,hoodkaren@phillips.com,Data Scientist,Product,50,113478,Christopherton
999,Richard Ruiz,rodriguezlaura@hernandez.com,HR Manager,Sales,42,42840,North Morgan
1000,Kathy Green,michelle83@lopez-chavez.com,Data Scientist,IT,24,132628,North Kellyburgh
